sample36_id,texto_eval_id,base_system_name,source_text,reference_text,generated_text_base,generated_text_final,used_fallback_base,base_equals_refined,source_equals_refined
1,37,lora_llama3,"No tiene incentivos ni motivación, dos elementos esenciales en ambientes de competencia.",No tiene sentido ni motivación. Estos elementos son esenciales para la competencia.,"No tiene incentivos ni motivación, dos elementos esenciales en ambientes de competencia.","No tiene motivación ni incentivos, dos elementos clave en ambientes competitivos.",False,False,False
2,38,lora_llama3,"En los procesos de importaciones y exportaciones intervienen, además de clientes y proveedores, instituciones del Estado y los bancos, tal como se indica en el siguiente recuadro:",Clientes y proveedores intervienen en las importancias y exportaciones. También lo hacen las instituciones estatales y los banco como se indica a continuación:,"En los procesos de importaciones y exportaciones intervienen, además de clientes y proveedores, instituciones del Estado y los bancos, como se indica en el siguiente recuadro:","En los procesos de importaciones y exportaciones intervienen clientes, proveedores, instituciones del Estado y bancos, como se indica en el siguiente recuadro.",False,False,False
3,39,lora_llama3,"El robo de identidad ocurre cuando su información personal, tal como su nombre, número de cuenta, o número de cédula de identidad se usan sin su conocimiento para cometer un fraude o robo.","El robo de identidad ocurre cuando su información personal como su nombre, número de cuenta, o número de cédula de identidad se usan sin su conocimiento para cometer un fraude o robo.",El robo de identidad ocurre cuando su información personal se usa sin su conocimiento para cometer un fraude o robo.,El robo de identidad ocurre cuando se usa su información personal sin su conocimiento para cometer un fraude o robo.,False,False,False
4,40,lora_llama3,"Los sueños de los niños tienen una gran variedad que va desde Tarzán hasta el Agente 007, pasando por Superman.",Los sueños de los niños son variados y van desde Tarzán hasta el Agente 007 y Superman.,Los sueños de los niños tienen una gran variedad.,"Los sueños de los niños son muy variados, desde Tarzán hasta Superman.",False,False,False
5,41,lora_llama3,Expresiones como soborno y cohecho se refieren a ilícitos vinculados a la compra de la voluntad de un individuo para provecho personal.,Expresiones como soborno y cohecho se refieren a delitos vinculados a comprar la voluntad de alguien para provecho personal.,Expresiones como soborno y cohecho se refieren a ilícitos vinculados a la compra de la voluntad de un individuo para provecho personal.,Expresiones como soborno y cohecho se refieren a actos ilícitos que involucran comprar la voluntad de alguien para beneficio personal.,False,False,False
6,42,lora_llama3,"DIRECCIÓN DE PRESUPUESTO (DIPRES): ""formula y lleva el control presupuestario de la nación.""",DIRECCIÓN DE PRESUPUESTO: formula y lleva el control presupuestario de la nación.,La Dirección de Presupuesto formula y lleva el control presupuestario de la nación.,La Dirección de Presupuesto formula y controla el presupuesto nacional.,False,False,False
7,43,lora_llama3,"Interés compuesto: Es la suma del capital y el interés acumulado, que se va multiplicando según los plazos convenidos. La tasa de interés es el porcentaje que se aplica a un préstamo o inversión realizada.",El interés compuesto es la suma del capital y el interés acumulado. La tasa de interés es el porcentaje aplicado a un préstamo o inversión realizada.,El interés compuesto es la suma del capital y el interés acumulado. La tasa de interés es el porcentaje que se aplica a un préstamo o inversión realizada.,El interés compuesto es la suma del capital y el interés acumulado. La tasa de interés es el porcentaje que se aplica a un préstamo o inversión.,False,False,False
8,44,lora_llama3,La producción en un país se realiza mediante lo que se conoce como factores de producción y de los cuales nos ocuparemos en detalle más adelante.,A través de los factores de producción se realiza la producción en un país. Más adelante nos ocuparemos en detalle de estos factores.,La producción en un país se realiza mediante los factores de producción. Estos se ocuparán en detalle más adelante.,La producción en un país se hace con los factores de producción. Se hablará más sobre ellos después.,False,False,False
9,45,lora_llama3,"A pesar de que algunos critican al intermediario, se necesita a este individuo en la economía.","Aunque algunas personas critican al intermediario, este individuo es necesario en la economía.","Algunos critican al intermediario, pero se necesita a este individuo en la economía.","Algunos critican al intermediario, pero es necesario para la economía.",False,False,False
10,46,lora_llama3,El impuesto a los réditos es también un buen instrumento para conocer el monto de las rentas y de la riqueza nacional.,El impuesto a las utilidades también es un buen método para conocer el monto de las rentas y de la riqueza nacional.,El impuesto a los réditos es un buen instrumento para conocer el monto de las rentas y de la riqueza nacional.,El impuesto a los réditos es un buen instrumento para conocer la cantidad de rentas y riqueza nacional.,False,False,False
11,47,lora_llama3,"También es de mucha ayuda separar las metas en tres períodos de tiempo para los propósitos de planeamiento, y aun cuando esto ya se trató en el capítulo anterior, se reitera tan importante aspecto, centrados en el tema del presente y con la intención de reforzar el manejo del mismo:","También ayuda separar las metas en tres períodos de tiempo para cumplir con los propósitos planteados. Aunque este aspecto ya se trató en el capítulo anterior, reiteramos su importancia:","Separe las metas en tres períodos de tiempo para el planeamiento. Aunque esto ya se trató en el capítulo anterior, se reitera tan importante aspecto centrados en el tema del presente y con la intención de reforzar el manejo del mismo:","Separe las metas en tres períodos de tiempo para planificar. Aunque se ha hablado sobre esto antes, es importante recordarlo para manejar mejor el tema actual.",False,False,False
12,48,lora_llama3,Seguridad financiera: Consiste en cumplir con las necesidades que se presentan en el futuro de las personas y al mismo tiempo cumplir con las obligaciones diarias.,"Seguridad financiera, consiste en cumplir con las necesidades económicas que se presentan en el futuro de las personas y también cumplir con las obligaciones financieras diarias.",La seguridad financiera consiste en cumplir con las necesidades del futuro de las personas y con las obligaciones diarias.,La seguridad financiera consiste en cubrir las necesidades futuras de las personas y pagar las cuentas diarias.,False,False,False
13,49,lora_llama3,"La última, pero no menos importante razón, puede ser encontrar un fascinante campo de acción intelectual para comprender el mundo real.",La última es encontrar un campo de acción intelectual para comprender el mundo real.,La última razón puede ser encontrar un fascinante campo de acción intelectual para comprender el mundo real.,La última razón puede ser encontrar un campo fascinante para comprender el mundo real.,False,False,False
14,50,lora_llama3,"Si el entusiasmo, y esto no es idealismo ramplón, se orienta hacia la salud, la belleza, el éxito, la felicidad, lo más probable es que se obtenga la salud, la belleza, el éxito y la felicidad.","Si el entusiasmo se dirige hacia la salud, la belleza, el éxito, la felicidad es probable que los consigamos.","Si el entusiasmo se orienta hacia la salud, la belleza, el éxito y la felicidad, se obtendrá la salud, la belleza, el éxito y la felicidad.","Si el entusiasmo se orienta hacia la salud, belleza y éxito, se obtendrá justamente eso.",False,False,False
15,51,lora_llama3,"En la segunda etapa de programación, se definen los objetivos y se fijan las metas o resultados esperados, que deben ser lo más específicos y precisos posibles, para tener claridad en lo que se trata de alcanzar con las inversiones por realizar; por ejemplo, los tipos de inversión y los montos que se pretenden lograr en un tiempo definido y otros que pueden describirse en términos de logro o resultados que se desean alcanzar.","En la segunda etapa de programación, se definen los objetivos y se fijan las metas específicas.","En la segunda etapa de programación se definen los objetivos y se fijan las metas o resultados esperados. Estos deben ser lo más específicos y precisos posibles para tener claridad en lo que se trata de alcanzar con las inversiones por realizar. Por ejemplo, los tipos de inversión y los montos que se pretenden lograr en un tiempo definido. También los que pueden describirse en términos de logro o resultados que se desean alcanzar.","En la segunda etapa de programación se definen los objetivos y se establecen metas claras y precisas para saber qué se quiere lograr con las inversiones. Por ejemplo, se determinan los tipos de inversión y los montos que se desean alcanzar en un plazo definido.",False,False,False
16,52,lora_llama3,Estas tarjetas acarrean pocos riesgos y te ayudan a crear buenos antecedentes crediticios al mostrar tu capacidad para usar una tarjeta con responsabilidad.,Estas tarjetas traen pocos riesgos y ayudan a crear buen historial crediticio.,Estas tarjetas acarrean pocos riesgos y te ayudan a crear buenos antecedentes crediticios al mostrar tu capacidad para usar una tarjeta con responsabilidad.,Estas tarjetas acarrean pocos riesgos y te ayudan a crear buenos antecedentes crediticios al demostrar tu capacidad para usar una tarjeta responsablemente.,False,False,False
17,53,lora_llama3,"Adicionalmente, el canal móvil (celulares) es de alto potencial para utilizar pagos a través de mensajería de texto SMS permitiendo, desde cualquier lugar donde se tenga acceso al servicio inalámbrico, realizar pagos electrónicos.","Además, los celulares permiten realizar pagos electrónicos desde cualquier lugar con acceso al servicio inalámbrico.","Además, el canal móvil es de alto potencial para utilizar pagos a través de mensajería de texto SMS. Esto permite realizar pagos electrónicos desde cualquier lugar con acceso al servicio inalámbrico.","Además, el canal móvil es ideal para realizar pagos electrónicos a través de SMS desde cualquier lugar con acceso a internet.",False,False,False
18,54,lora_llama3,"Existen varias modalidades de cheques, como lo mencionan los mismos Alonso, Brailovsky y Ortiz (1999).","Según Alonso, Brailovsky y Ortiz (mil novecientos noventa y nueve) hay varias modalidades de cheques.",Existen varias modalidades de cheques.,Existen varias modalidades de cheques.,False,True,False
19,55,lora_llama3,"La mayor ventaja es la flexibilidad que le da al usuario, quien puede pagar sus saldos por completo cada mes o puede pagar en parte.",La mayor ventaja es la flexibilidad para el usuario. Quien puede pagar sus saldos completos o en parte mensualmente.,La mayor ventaja es la flexibilidad que le da al usuario. Quien puede pagar sus saldos por completo cada mes o pagar en parte.,La mayor ventaja es la flexibilidad que le da al usuario. Puede pagar sus saldos por completo cada mes o pagar parte de ellos.,False,False,False
20,56,lora_llama3,"El dinero que inviertes inicialmente se denomina ""capital"".",El capital es el dinero invertido inicialmente.,El dinero inicialmente invertido se llama capital.,El dinero que se invierte al principio se llama capital.,False,False,False
21,57,lora_llama3,"Existen modelos cuantitativos que permiten determinar de manera técnica el valor de la tasa de descuento como el CAPM1 y el WACC2 (Bell, 2016), los cuales no se incluyen en el presente documento; no obstante, la determinación subjetiva de la tasa de descuento exigida por el accionista puede utilizarse ante la falta de información de los mencionados modelos.","Hay modelos cuantitativos para determinar técnicamente el valor de la tasa de descuento, pero no se incluyen en este documento. Sin embargo, la determinación subjetiva de la tasa de descuento exigida por el accionista se puede utilizar ante la falta de información de esos modelos.","Existen modelos cuantitativos que permiten determinar de manera técnica el valor de la tasa de descuento. Sin embargo, la determinación subjetiva de la tasa de descuento exigida por el accionista puede utilizarse ante la falta de información de los mencionados modelos.","Existen modelos cuantitativos que permiten determinar la tasa de descuento. Sin embargo, si no se dispone de esa información, se puede utilizar una estimación subjetiva para determinar la tasa de descuento exigida por el accionista.",False,False,False
22,58,lora_llama3,"Particularmente, se observa que el escenario 3 es el único que presenta una situación que no sea rentable.",El escenario tres es el único que presenta una situación no rentable.,"Particularmente, el escenario tres es el único que presenta una situación no rentable.","Particularmente, solo el escenario tres presenta una situación no rentable.",False,False,False
23,59,lora_llama3,"Obtenga el rendimiento de un bono de $10,000 que paga el 6.",Saque el rendimiento de un bono de diez mil dólares que paga el seis.,Obtenga el rendimiento de un bono de diez mil dólares que paga el seis.,Obtenga el rendimiento de un bono de diez mil dólares que paga el seis por ciento.,False,False,False
24,60,lora_llama3,"De partida, el tema concierne a todos los individuos y durante toda la vida, pues las finanzas explican la procedencia y uso de los ingresos y recursos que se disponen para satisfacer las necesidades particulares de todas y todos.",El tema interesa a todas las personas. Porque las finanzas explican el origen y uso de los ingresos disponibles para satisfacer las necesidades de todos.,El tema de las finanzas concierne a todos los individuos y durante toda la vida. Las finanzas explican la procedencia y uso de los ingresos y recursos para satisfacer las necesidades particulares de todas y todos.,El tema de las finanzas concierne a todos los individuos y durante toda la vida. Las finanzas explican cómo se obtienen y se utilizan los ingresos para satisfacer las necesidades personales.,False,False,False
25,61,lora_llama3,¿Qué función cumplen las empresas en la sociedad?,¿Qué función tienen las empresas en la sociedad?,¿Qué función cumplen las empresas en la sociedad?,¿Qué papel juegan las empresas en la sociedad?,False,False,False
26,62,lora_llama3,Estos principios están diseñados para promover que las firmas de servicios financieros y las organizaciones de consumidores hagan más para educar a los ciudadanos en esta área.,Estos principios están diseñados para promover que las empresas de servicios financieros y las organizaciones de consumidores hagan más para educar a los ciudadanos en esta área.,Estos principios promueven que las firmas de servicios financieros y las organizaciones de consumidores educen a los ciudadanos en esta área.,Estos principios promueven la educación de los ciudadanos sobre servicios financieros.,False,False,False
27,63,lora_llama3,"Hable con ellos, déles la cara, y hágales saber que está haciendo todo lo que puede para pagarles.","Hable con ellos, enfréntelos y comuníqueles que está haciendo lo posible para pagarles.","Comuníquese con ellos, déles la cara y hágales saber que está haciendo todo lo posible para pagarles.",Comuníquese con ellos y hágales saber que está haciendo todo lo posible para pagarles.,False,False,False
28,64,lora_llama3,Pero ¿en qué se compite?,Pero ¿en qué se compite?,¿En qué se compite?,¿En qué se compete?,False,False,False
29,65,lora_llama3,"Por otra parte, algunas personas sostienen que un impuesto de 10 por ciento impondría el mismo sacrificio a ambas familias.","Por otra parte, algunas personas sostienen que un impuesto de diez por ciento impondría el mismo sacrificio a ambas familias.",Algunas personas sostienen que un impuesto de diez por ciento impondría el mismo sacrificio a ambas familias.,Algunas personas creen que un impuesto del 10% sería igual de duro para ambas familias.,False,False,False
30,66,lora_llama3,"Al principio, como ya vimos en el trueque, adoptó la forma de mercancía, pero con el tiempo se transformó en dinero-papel, cuentas corrientes y otras formas.","Al principio, tuvo la forma de mercancía, pero luego se transformó en dinero-papel, cuentas corrientes y otras formas.","Al principio, como vimos en el trueque, adoptó la forma de mercancía. Pero con el tiempo se transformó en dinero-papel, cuentas corrientes y otras formas.","Al principio, adoptó la forma de mercancía. Luego se convirtió en dinero-papel, cuentas corrientes y otras formas.",False,False,False
31,67,lora_llama3,"¿Son estos sólo sueños, o son metas reales?",¿Estos son sólo sueños o son metas reales?,¿Son estos sueños o metas reales?,¿Son estos sueños reales?,False,False,False
32,68,lora_llama3,"En los pueblos donde el principio de la elección se extiende a todo, no hay propiamente hablando carrera pública.",En los pueblos donde el principio de la elección se extiende a todo no existe la carrera pública.,"En los pueblos donde el principio de la elección se extiende a todo, no hay propiamente hablando carrera pública.","En los pueblos donde todos pueden elegir, no hay una carrera pública como tal.",False,False,False
33,69,lora_llama3,"Sin entusiasmo, dijo alguien famoso, nunca se ha podido realizar nada grande.",Sin entusiasmo no se logró nada grande.,"Sin entusiasmo, nunca se ha podido realizar nada grande.","Sin entusiasmo, nunca se logra hacer algo grande.",False,False,False
34,70,lora_llama3,"Por tanto, este método calcula interés sobre interés.","Por eso, este método calcula interés sobre interés.","Por eso, este método calcula interés sobre interés.",Este método calcula interés sobre intereses.,False,False,False
35,71,lora_llama3,"El resultado es aproximado a $300,000 en seis años.",El resultado es aproximadamente trescientos mil dólares en seis años.,El resultado es aproximadamente trescientos mil dólares en seis años.,El resultado es aproximadamente trescientos mil dólares en seis años.,False,True,False
36,72,lora_llama3,Documente todos sus gastos e ingresos o compárelos con lo que usted planificó que iba a gastar en el mes.,Documente todos sus gastos e ingresos y compárelos con lo que usted planificó que iba a gastar en el mes.,Documente todos sus gastos e ingresos.,Documente todos sus gastos e ingresos para compararlos con lo planeado.,False,False,False
1,1,lora_mistral,"No tiene incentivos ni motivación, dos elementos esenciales en ambientes de competencia.",No tiene sentido ni motivación. Estos elementos son esenciales para la competencia.,"No tiene incentivos ni motivación, dos elementos esenciales en ambientes de competencia.","No tiene motivación ni incentivos, dos cosas clave para competir.",False,False,False
2,2,lora_mistral,"En los procesos de importaciones y exportaciones intervienen, además de clientes y proveedores, instituciones del Estado y los bancos, tal como se indica en el siguiente recuadro:",Clientes y proveedores intervienen en las importancias y exportaciones. También lo hacen las instituciones estatales y los banco como se indica a continuación:,"En los procesos de importaciones y exportaciones intervienen clientes y proveedores, instituciones del Estado y los bancos.","En los procesos de importaciones y exportaciones intervienen clientes y proveedores, así como instituciones del Estado y bancos.",False,False,False
3,3,lora_mistral,"El robo de identidad ocurre cuando su información personal, tal como su nombre, número de cuenta, o número de cédula de identidad se usan sin su conocimiento para cometer un fraude o robo.","El robo de identidad ocurre cuando su información personal como su nombre, número de cuenta, o número de cédula de identidad se usan sin su conocimiento para cometer un fraude o robo.",El robo de identidad ocurre cuando su información personal se usa sin su conocimiento para cometer un fraude o robo.,El robo de identidad ocurre cuando se usa su información personal sin su conocimiento para cometer un fraude o robo.,False,False,False
4,4,lora_mistral,"Los sueños de los niños tienen una gran variedad que va desde Tarzán hasta el Agente 007, pasando por Superman.",Los sueños de los niños son variados y van desde Tarzán hasta el Agente 007 y Superman.,"Los sueños de los niños tienen una gran variedad. Algunos son Tarzán, el Agente 007 o Superman.","Los sueños de los niños tienen una gran variedad. Algunos son Tarzán, Superman o el Agente 007.",False,False,False
5,5,lora_mistral,Expresiones como soborno y cohecho se refieren a ilícitos vinculados a la compra de la voluntad de un individuo para provecho personal.,Expresiones como soborno y cohecho se refieren a delitos vinculados a comprar la voluntad de alguien para provecho personal.,Expresiones como soborno y cohecho son ilícitos vinculados a la compra de la voluntad de un individuo para provecho personal.,Expresiones como soborno y cohecho son ilícitos que involucran comprar la voluntad de alguien para beneficio personal.,False,False,False
6,6,lora_mistral,"DIRECCIÓN DE PRESUPUESTO (DIPRES): ""formula y lleva el control presupuestario de la nación.""",DIRECCIÓN DE PRESUPUESTO: formula y lleva el control presupuestario de la nación.,La Dirección de Presupuesto formula y lleva el control presupuestario de la nación.,La Dirección de Presupuesto formula y controla el presupuesto nacional.,False,False,False
7,7,lora_mistral,"Interés compuesto: Es la suma del capital y el interés acumulado, que se va multiplicando según los plazos convenidos. La tasa de interés es el porcentaje que se aplica a un préstamo o inversión realizada.",El interés compuesto es la suma del capital y el interés acumulado. La tasa de interés es el porcentaje aplicado a un préstamo o inversión realizada.,El interés compuesto es la suma del capital y el interés acumulado. Se multiplica según los plazos convenidos. La tasa de interés es el porcentaje que se aplica a un préstamo o inversión realizada.,El interés compuesto es la suma del capital y el interés acumulado. Se multiplica según los plazos convenidos. La tasa de interés es el porcentaje que se aplica a un préstamo o inversión.,False,False,False
8,8,lora_mistral,La producción en un país se realiza mediante lo que se conoce como factores de producción y de los cuales nos ocuparemos en detalle más adelante.,A través de los factores de producción se realiza la producción en un país. Más adelante nos ocuparemos en detalle de estos factores.,La producción en un país se realiza mediante los factores de producción.,La producción en un país se hace con los factores de producción.,False,False,False
9,9,lora_mistral,"A pesar de que algunos critican al intermediario, se necesita a este individuo en la economía.","Aunque algunas personas critican al intermediario, este individuo es necesario en la economía.","A pesar de que algunos critican al intermediario, se necesita a este individuo en la economía.","A pesar de las críticas, el intermediario es necesario en la economía.",False,False,False
10,10,lora_mistral,El impuesto a los réditos es también un buen instrumento para conocer el monto de las rentas y de la riqueza nacional.,El impuesto a las utilidades también es un buen método para conocer el monto de las rentas y de la riqueza nacional.,El impuesto a los réditos es un buen instrumento para conocer el monto de las rentas y de la riqueza nacional.,El impuesto a los réditos es un buen instrumento para conocer la cantidad de rentas y riqueza nacional.,False,False,False
11,11,lora_mistral,"También es de mucha ayuda separar las metas en tres períodos de tiempo para los propósitos de planeamiento, y aun cuando esto ya se trató en el capítulo anterior, se reitera tan importante aspecto, centrados en el tema del presente y con la intención de reforzar el manejo del mismo:","También ayuda separar las metas en tres períodos de tiempo para cumplir con los propósitos planteados. Aunque este aspecto ya se trató en el capítulo anterior, reiteramos su importancia:","También es de mucha ayuda separar las metas en tres períodos de tiempo para los propósitos de planeamiento. Aunque ya se trató en el capítulo anterior, se reitera tan importante aspecto centrados en el tema del presente y con la intención de reforzar el manejo del mismo:","También es útil separar las metas en tres períodos de tiempo para planificar. Aunque se ha hablado sobre esto antes, es importante recordarlo para gestionar mejor el tema actual.",False,False,False
12,12,lora_mistral,Seguridad financiera: Consiste en cumplir con las necesidades que se presentan en el futuro de las personas y al mismo tiempo cumplir con las obligaciones diarias.,"Seguridad financiera, consiste en cumplir con las necesidades económicas que se presentan en el futuro de las personas y también cumplir con las obligaciones financieras diarias.",La seguridad financiera consiste en cumplir con las necesidades que se presentan en el futuro de las personas y al mismo tiempo cumplir con las obligaciones diarias.,La seguridad financiera consiste en cubrir las necesidades futuras de las personas y pagar las cuentas diarias.,False,False,False
13,13,lora_mistral,"La última, pero no menos importante razón, puede ser encontrar un fascinante campo de acción intelectual para comprender el mundo real.",La última es encontrar un campo de acción intelectual para comprender el mundo real.,La última razón es encontrar un campo de acción intelectual para comprender el mundo real.,La última razón es encontrar un campo intelectual interesante para comprender el mundo real.,False,False,False
14,14,lora_mistral,"Si el entusiasmo, y esto no es idealismo ramplón, se orienta hacia la salud, la belleza, el éxito, la felicidad, lo más probable es que se obtenga la salud, la belleza, el éxito y la felicidad.","Si el entusiasmo se dirige hacia la salud, la belleza, el éxito, la felicidad es probable que los consigamos.","Si el entusiasmo se orienta hacia la salud, la belleza, el éxito y la felicidad, es probable que se obtenga estos resultados.","Si el entusiasmo se orienta hacia la salud, belleza, éxito y felicidad, es probable obtener estos resultados.",False,False,False
15,15,lora_mistral,"En la segunda etapa de programación, se definen los objetivos y se fijan las metas o resultados esperados, que deben ser lo más específicos y precisos posibles, para tener claridad en lo que se trata de alcanzar con las inversiones por realizar; por ejemplo, los tipos de inversión y los montos que se pretenden lograr en un tiempo definido y otros que pueden describirse en términos de logro o resultados que se desean alcanzar.","En la segunda etapa de programación, se definen los objetivos y se fijan las metas específicas.","En la segunda etapa de programación se definen los objetivos y se fijan las metas o resultados esperados. Estos deben ser lo más específicos y precisos posibles para tener claridad en lo que se trata de alcanzar con las inversiones por realizar. Por ejemplo, los tipos de inversión y los montos que se pretenden lograr en un tiempo definido y otros que pueden describirse en términos de logro o resultados que se desean alcanzar.","En la segunda etapa de programación se definen los objetivos y metas claras para saber qué se quiere lograr con las inversiones. Por ejemplo, se establecen tipos de inversión y montos a alcanzar en un plazo determinado.",False,False,False
16,16,lora_mistral,Estas tarjetas acarrean pocos riesgos y te ayudan a crear buenos antecedentes crediticios al mostrar tu capacidad para usar una tarjeta con responsabilidad.,Estas tarjetas traen pocos riesgos y ayudan a crear buen historial crediticio.,Estas tarjetas acarrean pocos riesgos y te ayudan a crear buenos antecedentes crediticios al mostrar tu capacidad para usar una tarjeta con responsabilidad.,Estas tarjetas acarrean pocos riesgos y te ayudan a crear buenos antecedentes crediticios al demostrar tu capacidad para usar una tarjeta responsablemente.,False,False,False
17,17,lora_mistral,"Adicionalmente, el canal móvil (celulares) es de alto potencial para utilizar pagos a través de mensajería de texto SMS permitiendo, desde cualquier lugar donde se tenga acceso al servicio inalámbrico, realizar pagos electrónicos.","Además, los celulares permiten realizar pagos electrónicos desde cualquier lugar con acceso al servicio inalámbrico.","Adicionalmente, el canal móvil es de alto potencial para utilizar pagos a través de mensajería de texto SMS. Esto permite realizar pagos electrónicos desde cualquier lugar donde se tenga acceso al servicio inalámbrico.","Además, el canal móvil es ideal para realizar pagos electrónicos a través de SMS desde cualquier lugar con conexión inalámbrica.",False,False,False
18,18,lora_mistral,"Existen varias modalidades de cheques, como lo mencionan los mismos Alonso, Brailovsky y Ortiz (1999).","Según Alonso, Brailovsky y Ortiz (mil novecientos noventa y nueve) hay varias modalidades de cheques.","Existen varias modalidades de cheques, como mencionan Alonso, Brailovsky y Ortiz.","Existen varias modalidades de cheques, como mencionan Alonso, Brailovsky y Ortiz.",False,True,False
19,19,lora_mistral,"La mayor ventaja es la flexibilidad que le da al usuario, quien puede pagar sus saldos por completo cada mes o puede pagar en parte.",La mayor ventaja es la flexibilidad para el usuario. Quien puede pagar sus saldos completos o en parte mensualmente.,"La mayor ventaja es la flexibilidad que le da al usuario, quien puede pagar sus saldos por completo cada mes o puede pagar en parte.","La mayor ventaja es la flexibilidad, que permite al usuario pagar sus saldos completamente cada mes o en parte.",False,False,False
20,20,lora_mistral,"El dinero que inviertes inicialmente se denomina ""capital"".",El capital es el dinero invertido inicialmente.,"El dinero que inviertes inicialmente se llama ""capital"".",El dinero que inviertes al principio se llama capital.,False,False,False
21,21,lora_mistral,"Existen modelos cuantitativos que permiten determinar de manera técnica el valor de la tasa de descuento como el CAPM1 y el WACC2 (Bell, 2016), los cuales no se incluyen en el presente documento; no obstante, la determinación subjetiva de la tasa de descuento exigida por el accionista puede utilizarse ante la falta de información de los mencionados modelos.","Hay modelos cuantitativos para determinar técnicamente el valor de la tasa de descuento, pero no se incluyen en este documento. Sin embargo, la determinación subjetiva de la tasa de descuento exigida por el accionista se puede utilizar ante la falta de información de esos modelos.","Existen modelos cuantitativos para determinar la tasa de descuento. Pero no se incluyen en este documento. Por eso, la tasa de descuento exigida por el accionista puede ser determinada subjetivamente.","Existen modelos para determinar la tasa de descuento. Sin embargo, estos modelos no se incluyen aquí. En su lugar, la tasa de descuento exigida por el accionista puede ser estimada subjetivamente.",False,False,False
22,22,lora_mistral,"Particularmente, se observa que el escenario 3 es el único que presenta una situación que no sea rentable.",El escenario tres es el único que presenta una situación no rentable.,"Particularmente, el escenario tres es el único que presenta una situación no rentable.","Particularmente, solo el escenario tres presenta una situación no rentable.",False,False,False
23,23,lora_mistral,"Obtenga el rendimiento de un bono de $10,000 que paga el 6.",Saque el rendimiento de un bono de diez mil dólares que paga el seis.,Obtenga el rendimiento de un bono de diez mil dólares que paga el seis por ciento.,Obtenga el rendimiento de un bono de diez mil dólares que paga el 6%.,False,False,False
24,24,lora_mistral,"De partida, el tema concierne a todos los individuos y durante toda la vida, pues las finanzas explican la procedencia y uso de los ingresos y recursos que se disponen para satisfacer las necesidades particulares de todas y todos.",El tema interesa a todas las personas. Porque las finanzas explican el origen y uso de los ingresos disponibles para satisfacer las necesidades de todos.,"El tema concierne a todos los individuos y durante toda la vida, pues las finanzas explican la procedencia y uso de los ingresos y recursos que se disponen para satisfacer las necesidades particulares de todas y todos.","El tema concierne a todos los individuos y durante toda la vida, ya que las finanzas explican cómo se obtienen y se utilizan los ingresos para satisfacer nuestras necesidades personales.",False,False,False
25,25,lora_mistral,¿Qué función cumplen las empresas en la sociedad?,¿Qué función tienen las empresas en la sociedad?,¿Qué función cumplen las empresas en la sociedad?,¿Qué papel juegan las empresas en la sociedad?,False,False,False
26,26,lora_mistral,Estos principios están diseñados para promover que las firmas de servicios financieros y las organizaciones de consumidores hagan más para educar a los ciudadanos en esta área.,Estos principios están diseñados para promover que las empresas de servicios financieros y las organizaciones de consumidores hagan más para educar a los ciudadanos en esta área.,Estos principios promueven la educación de los ciudadanos en la materia.,Estos principios fomentan la educación de los ciudadanos sobre servicios financieros.,False,False,False
27,27,lora_mistral,"Hable con ellos, déles la cara, y hágales saber que está haciendo todo lo que puede para pagarles.","Hable con ellos, enfréntelos y comuníqueles que está haciendo lo posible para pagarles.",Hable con ellos y déles la cara. Hágales saber que está haciendo todo lo que puede para pagarles.,"Hable con ellos, déles la cara y explíqueles que está haciendo todo lo posible para pagarles.",False,False,False
28,28,lora_mistral,Pero ¿en qué se compite?,Pero ¿en qué se compite?,"Pero, en qué se compite?",Pero ¿qué se compite?,False,False,False
29,29,lora_mistral,"Por otra parte, algunas personas sostienen que un impuesto de 10 por ciento impondría el mismo sacrificio a ambas familias.","Por otra parte, algunas personas sostienen que un impuesto de diez por ciento impondría el mismo sacrificio a ambas familias.","Por otra parte, algunas personas sostienen que un impuesto de diez por ciento impondría el mismo sacrificio a ambas familias.",Algunas personas creen que un impuesto del 10% impondría el mismo sacrificio a ambas familias.,False,False,False
30,30,lora_mistral,"Al principio, como ya vimos en el trueque, adoptó la forma de mercancía, pero con el tiempo se transformó en dinero-papel, cuentas corrientes y otras formas.","Al principio, tuvo la forma de mercancía, pero luego se transformó en dinero-papel, cuentas corrientes y otras formas.","Al principio adoptó la forma de mercancía, pero con el tiempo se transformó en dinero-papel, cuentas corrientes y otras formas.","Al principio se convirtió en mercancía, pero con el tiempo pasó a ser dinero-papel, cuentas corrientes y otras formas.",False,False,False
31,31,lora_mistral,"¿Son estos sólo sueños, o son metas reales?",¿Estos son sólo sueños o son metas reales?,¿Son estos sólo sueños o son metas reales?,¿Son solo sueños o metas reales?,False,False,False
32,32,lora_mistral,"En los pueblos donde el principio de la elección se extiende a todo, no hay propiamente hablando carrera pública.",En los pueblos donde el principio de la elección se extiende a todo no existe la carrera pública.,"En los pueblos donde el principio de la elección se extiende a todo, no hay propiamente carrera pública.","En los pueblos donde todos pueden elegir, no hay carrera pública.",False,False,False
33,33,lora_mistral,"Sin entusiasmo, dijo alguien famoso, nunca se ha podido realizar nada grande.",Sin entusiasmo no se logró nada grande.,"Sin entusiasmo, dijo alguien famoso, nunca se ha podido realizar nada grande.",Nunca se ha logrado algo grande sin entusiasmo.,False,False,False
34,34,lora_mistral,"Por tanto, este método calcula interés sobre interés.","Por eso, este método calcula interés sobre interés.","Por tanto, este método calcula interés sobre interés.",Este método calcula intereses sobre intereses.,False,False,False
35,35,lora_mistral,"El resultado es aproximado a $300,000 en seis años.",El resultado es aproximadamente trescientos mil dólares en seis años.,El resultado es aproximado a trescientos dólares en seis años.,"El resultado es aproximadamente de $300,000 en seis años.",False,False,False
36,36,lora_mistral,Documente todos sus gastos e ingresos o compárelos con lo que usted planificó que iba a gastar en el mes.,Documente todos sus gastos e ingresos y compárelos con lo que usted planificó que iba a gastar en el mes.,Documente todos sus gastos e ingresos.,Documente todos sus gastos e ingresos para compararlos con lo planeado.,False,False,False
