Texto,Semántica  (5|3|1)_interna,Semántica  (5|3|1)_externa,Semántica  (5|3|1),Semántica  (5|3|1)_diferencia_original,Semántica  (5|3|1)_aplico_regla_cero,Claridad  (5|3|1)_interna,Claridad  (5|3|1)_externa,Claridad  (5|3|1),Claridad  (5|3|1)_diferencia_original,Claridad  (5|3|1)_aplico_regla_cero,Fluidez y corrección  (5|3|1)_interna,Fluidez y corrección  (5|3|1)_externa,Fluidez y corrección  (5|3|1),Fluidez y corrección  (5|3|1)_diferencia_original,Fluidez y corrección  (5|3|1)_aplico_regla_cero,Léxico y sintaxis (5|3|1)_interna,Léxico y sintaxis (5|3|1)_externa,Léxico y sintaxis (5|3|1),Léxico y sintaxis (5|3|1)_diferencia_original,Léxico y sintaxis (5|3|1)_aplico_regla_cero,Adecuación al público / tono (5|3|1)_interna,Adecuación al público / tono (5|3|1)_externa,Adecuación al público / tono (5|3|1),Adecuación al público / tono (5|3|1)_diferencia_original,Adecuación al público / tono (5|3|1)_aplico_regla_cero,Estructura y presentación (5|3|1)_interna,Estructura y presentación (5|3|1)_externa,Estructura y presentación (5|3|1),Estructura y presentación (5|3|1)_diferencia_original,Estructura y presentación (5|3|1)_aplico_regla_cero,Manejo de números y datos (5|3|1)_interna,Manejo de números y datos (5|3|1)_externa,Manejo de números y datos (5|3|1),Manejo de números y datos (5|3|1)_diferencia_original,Manejo de números y datos (5|3|1)_aplico_regla_cero,Puntaje Final,Aplico regla cero
1,3.0,5.0,4.0,2.0,False,5.0,5.0,5.0,0.0,False,5.0,5.0,5.0,0.0,False,5.0,5.0,5.0,0.0,False,5.0,5.0,5.0,0.0,False,5.0,5.0,5.0,0.0,False,5.0,5.0,5.0,0.0,False,4.75,False
2,3.0,5.0,4.0,2.0,False,5.0,5.0,5.0,0.0,False,5.0,5.0,5.0,0.0,False,5.0,5.0,5.0,0.0,False,5.0,5.0,5.0,0.0,False,5.0,5.0,5.0,0.0,False,5.0,5.0,5.0,0.0,False,4.75,False
3,5.0,5.0,5.0,0.0,False,5.0,5.0,5.0,0.0,False,5.0,5.0,5.0,0.0,False,5.0,5.0,5.0,0.0,False,5.0,5.0,5.0,0.0,False,5.0,5.0,5.0,0.0,False,5.0,5.0,5.0,0.0,False,5.0,False
4,3.0,5.0,4.0,2.0,False,5.0,3.0,4.0,2.0,False,5.0,5.0,5.0,0.0,False,5.0,1.0,3.0,4.0,False,5.0,5.0,5.0,0.0,False,5.0,5.0,5.0,0.0,False,5.0,5.0,5.0,0.0,False,4.3,False
5,5.0,5.0,5.0,0.0,False,5.0,5.0,5.0,0.0,False,5.0,5.0,5.0,0.0,False,5.0,5.0,5.0,0.0,False,5.0,5.0,5.0,0.0,False,5.0,5.0,5.0,0.0,False,5.0,5.0,5.0,0.0,False,5.0,False
6,5.0,5.0,5.0,0.0,False,5.0,5.0,5.0,0.0,False,5.0,5.0,5.0,0.0,False,5.0,5.0,5.0,0.0,False,5.0,5.0,5.0,0.0,False,5.0,5.0,5.0,0.0,False,5.0,5.0,5.0,0.0,False,5.0,False
7,5.0,5.0,5.0,0.0,False,5.0,5.0,5.0,0.0,False,5.0,5.0,5.0,0.0,False,5.0,5.0,5.0,0.0,False,5.0,5.0,5.0,0.0,False,5.0,5.0,5.0,0.0,False,5.0,5.0,5.0,0.0,False,5.0,False
8,5.0,5.0,5.0,0.0,False,5.0,3.0,4.0,2.0,False,5.0,5.0,5.0,0.0,False,5.0,5.0,5.0,0.0,False,5.0,5.0,5.0,0.0,False,5.0,3.0,4.0,2.0,False,5.0,5.0,5.0,0.0,False,4.65,False
9,5.0,5.0,5.0,0.0,False,5.0,5.0,5.0,0.0,False,5.0,5.0,5.0,0.0,False,5.0,5.0,5.0,0.0,False,5.0,5.0,5.0,0.0,False,5.0,5.0,5.0,0.0,False,5.0,5.0,5.0,0.0,False,5.0,False
10,3.0,5.0,4.0,2.0,False,5.0,5.0,5.0,0.0,False,5.0,5.0,5.0,0.0,False,5.0,5.0,5.0,0.0,False,5.0,5.0,5.0,0.0,False,5.0,5.0,5.0,0.0,False,5.0,5.0,5.0,0.0,False,4.75,False
11,3.0,5.0,4.0,2.0,False,5.0,5.0,5.0,0.0,False,5.0,5.0,5.0,0.0,False,5.0,5.0,5.0,0.0,False,5.0,5.0,5.0,0.0,False,5.0,5.0,5.0,0.0,False,5.0,5.0,5.0,0.0,False,4.75,False
12,3.0,5.0,4.0,2.0,False,5.0,5.0,5.0,0.0,False,5.0,5.0,5.0,0.0,False,5.0,5.0,5.0,0.0,False,5.0,5.0,5.0,0.0,False,5.0,5.0,5.0,0.0,False,5.0,5.0,5.0,0.0,False,4.75,False
13,5.0,5.0,5.0,0.0,False,5.0,5.0,5.0,0.0,False,5.0,5.0,5.0,0.0,False,5.0,5.0,5.0,0.0,False,5.0,5.0,5.0,0.0,False,5.0,5.0,5.0,0.0,False,5.0,5.0,5.0,0.0,False,5.0,False
14,5.0,5.0,5.0,0.0,False,5.0,5.0,5.0,0.0,False,5.0,3.0,4.0,2.0,False,5.0,5.0,5.0,0.0,False,5.0,5.0,5.0,0.0,False,5.0,5.0,5.0,0.0,False,5.0,5.0,5.0,0.0,False,4.85,False
15,3.0,5.0,4.0,2.0,False,5.0,5.0,5.0,0.0,False,5.0,5.0,5.0,0.0,False,5.0,5.0,5.0,0.0,False,5.0,5.0,5.0,0.0,False,5.0,5.0,5.0,0.0,False,5.0,5.0,5.0,0.0,False,4.75,False
16,3.0,5.0,4.0,2.0,False,5.0,5.0,5.0,0.0,False,3.0,5.0,4.0,2.0,False,5.0,5.0,5.0,0.0,False,5.0,5.0,5.0,0.0,False,5.0,5.0,5.0,0.0,False,5.0,5.0,5.0,0.0,False,4.6,False
17,5.0,5.0,5.0,0.0,False,5.0,5.0,5.0,0.0,False,5.0,5.0,5.0,0.0,False,5.0,5.0,5.0,0.0,False,5.0,5.0,5.0,0.0,False,5.0,5.0,5.0,0.0,False,5.0,5.0,5.0,0.0,False,5.0,False
18,5.0,5.0,5.0,0.0,False,5.0,3.0,4.0,2.0,False,5.0,3.0,4.0,2.0,False,5.0,5.0,5.0,0.0,False,5.0,5.0,5.0,0.0,False,5.0,3.0,4.0,2.0,False,5.0,3.0,4.0,2.0,False,4.45,False
19,5.0,5.0,5.0,0.0,False,5.0,5.0,5.0,0.0,False,5.0,5.0,5.0,0.0,False,5.0,5.0,5.0,0.0,False,5.0,5.0,5.0,0.0,False,5.0,5.0,5.0,0.0,False,5.0,5.0,5.0,0.0,False,5.0,False
20,5.0,5.0,5.0,0.0,False,5.0,5.0,5.0,0.0,False,5.0,5.0,5.0,0.0,False,5.0,5.0,5.0,0.0,False,5.0,5.0,5.0,0.0,False,5.0,5.0,5.0,0.0,False,5.0,5.0,5.0,0.0,False,5.0,False
21,5.0,5.0,5.0,0.0,False,5.0,5.0,5.0,0.0,False,5.0,5.0,5.0,0.0,False,5.0,5.0,5.0,0.0,False,5.0,5.0,5.0,0.0,False,5.0,3.0,4.0,2.0,False,5.0,3.0,4.0,2.0,False,4.8500000000000005,False
22,5.0,5.0,5.0,0.0,False,5.0,5.0,5.0,0.0,False,5.0,5.0,5.0,0.0,False,5.0,5.0,5.0,0.0,False,5.0,5.0,5.0,0.0,False,5.0,5.0,5.0,0.0,False,5.0,5.0,5.0,0.0,False,5.0,False
23,1.0,1.0,1.0,0.0,False,5.0,1.0,3.0,4.0,False,5.0,1.0,3.0,4.0,False,5.0,1.0,3.0,4.0,False,5.0,1.0,3.0,4.0,False,5.0,1.0,3.0,4.0,False,3.0,1.0,2.0,2.0,False,2.4499999999999997,False
24,5.0,5.0,5.0,0.0,False,5.0,5.0,5.0,0.0,False,5.0,5.0,5.0,0.0,False,5.0,5.0,5.0,0.0,False,5.0,5.0,5.0,0.0,False,5.0,5.0,5.0,0.0,False,5.0,5.0,5.0,0.0,False,5.0,False
25,1.0,1.0,1.0,0.0,False,1.0,1.0,1.0,0.0,False,5.0,1.0,3.0,4.0,False,5.0,1.0,3.0,4.0,False,5.0,1.0,3.0,4.0,False,5.0,1.0,3.0,4.0,False,5.0,1.0,3.0,4.0,False,2.0,False
26,1.0,5.0,3.0,4.0,False,1.0,5.0,3.0,4.0,False,5.0,5.0,5.0,0.0,False,5.0,5.0,5.0,0.0,False,5.0,5.0,5.0,0.0,False,5.0,5.0,5.0,0.0,False,5.0,5.0,5.0,0.0,False,4.0,False
27,1.0,1.0,1.0,0.0,False,3.0,1.0,2.0,2.0,False,5.0,1.0,3.0,4.0,False,5.0,1.0,3.0,4.0,False,5.0,1.0,3.0,4.0,False,5.0,1.0,3.0,4.0,False,5.0,1.0,3.0,4.0,False,2.25,False
28,1.0,1.0,1.0,0.0,False,1.0,1.0,1.0,0.0,False,5.0,1.0,3.0,4.0,False,5.0,1.0,3.0,4.0,False,5.0,1.0,3.0,4.0,False,5.0,1.0,3.0,4.0,False,5.0,1.0,3.0,4.0,False,2.0,False
29,5.0,5.0,5.0,0.0,False,5.0,5.0,5.0,0.0,False,5.0,5.0,5.0,0.0,False,5.0,5.0,5.0,0.0,False,5.0,5.0,5.0,0.0,False,5.0,5.0,5.0,0.0,False,5.0,5.0,5.0,0.0,False,5.0,False
30,3.0,5.0,4.0,2.0,False,5.0,5.0,5.0,0.0,False,5.0,5.0,5.0,0.0,False,5.0,5.0,5.0,0.0,False,5.0,5.0,5.0,0.0,False,5.0,5.0,5.0,0.0,False,5.0,5.0,5.0,0.0,False,4.75,False
31,5.0,5.0,5.0,0.0,False,5.0,5.0,5.0,0.0,False,5.0,5.0,5.0,0.0,False,5.0,5.0,5.0,0.0,False,5.0,5.0,5.0,0.0,False,5.0,5.0,5.0,0.0,False,5.0,5.0,5.0,0.0,False,5.0,False
32,5.0,5.0,5.0,0.0,False,5.0,5.0,5.0,0.0,False,5.0,5.0,5.0,0.0,False,5.0,5.0,5.0,0.0,False,5.0,5.0,5.0,0.0,False,5.0,5.0,5.0,0.0,False,5.0,5.0,5.0,0.0,False,5.0,False
33,5.0,5.0,5.0,0.0,False,5.0,5.0,5.0,0.0,False,5.0,5.0,5.0,0.0,False,5.0,5.0,5.0,0.0,False,5.0,5.0,5.0,0.0,False,5.0,5.0,5.0,0.0,False,5.0,5.0,5.0,0.0,False,5.0,False
34,1.0,5.0,3.0,4.0,False,5.0,5.0,5.0,0.0,False,5.0,5.0,5.0,0.0,False,5.0,5.0,5.0,0.0,False,5.0,5.0,5.0,0.0,False,5.0,5.0,5.0,0.0,False,5.0,5.0,5.0,0.0,False,4.5,False
35,5.0,5.0,5.0,0.0,False,5.0,5.0,5.0,0.0,False,5.0,5.0,5.0,0.0,False,5.0,5.0,5.0,0.0,False,5.0,5.0,5.0,0.0,False,5.0,5.0,5.0,0.0,False,3.0,5.0,4.0,2.0,False,4.95,False
36,5.0,5.0,5.0,0.0,False,5.0,5.0,5.0,0.0,False,5.0,5.0,5.0,0.0,False,5.0,5.0,5.0,0.0,False,5.0,5.0,5.0,0.0,False,5.0,5.0,5.0,0.0,False,5.0,5.0,5.0,0.0,False,5.0,False
37,5.0,5.0,5.0,0.0,False,5.0,5.0,5.0,0.0,False,5.0,5.0,5.0,0.0,False,5.0,5.0,5.0,0.0,False,5.0,5.0,5.0,0.0,False,5.0,5.0,5.0,0.0,False,5.0,5.0,5.0,0.0,False,5.0,False
38,5.0,5.0,5.0,0.0,False,5.0,5.0,5.0,0.0,False,5.0,5.0,5.0,0.0,False,5.0,5.0,5.0,0.0,False,5.0,5.0,5.0,0.0,False,5.0,5.0,5.0,0.0,False,5.0,5.0,5.0,0.0,False,5.0,False
39,5.0,5.0,5.0,0.0,False,5.0,3.0,4.0,2.0,False,5.0,5.0,5.0,0.0,False,5.0,5.0,5.0,0.0,False,5.0,5.0,5.0,0.0,False,5.0,5.0,5.0,0.0,False,5.0,5.0,5.0,0.0,False,4.75,False
40,3.0,3.0,3.0,0.0,False,3.0,3.0,3.0,0.0,False,5.0,3.0,4.0,2.0,False,5.0,3.0,4.0,2.0,False,5.0,3.0,4.0,2.0,False,5.0,3.0,4.0,2.0,False,5.0,5.0,5.0,0.0,False,3.55,False
41,1.0,1.0,1.0,0.0,False,3.0,1.0,2.0,2.0,False,5.0,1.0,3.0,4.0,False,5.0,1.0,3.0,4.0,False,5.0,1.0,3.0,4.0,False,5.0,1.0,3.0,4.0,False,5.0,1.0,3.0,4.0,False,2.25,False
42,5.0,5.0,5.0,0.0,False,5.0,5.0,5.0,0.0,False,5.0,5.0,5.0,0.0,False,3.0,5.0,4.0,2.0,False,5.0,5.0,5.0,0.0,False,5.0,5.0,5.0,0.0,False,5.0,5.0,5.0,0.0,False,4.9,False
43,5.0,5.0,5.0,0.0,False,5.0,5.0,5.0,0.0,False,5.0,5.0,5.0,0.0,False,3.0,5.0,4.0,2.0,False,5.0,5.0,5.0,0.0,False,5.0,5.0,5.0,0.0,False,5.0,5.0,5.0,0.0,False,4.9,False
44,5.0,5.0,5.0,0.0,False,5.0,5.0,5.0,0.0,False,5.0,5.0,5.0,0.0,False,5.0,5.0,5.0,0.0,False,5.0,5.0,5.0,0.0,False,5.0,5.0,5.0,0.0,False,5.0,5.0,5.0,0.0,False,5.0,False
45,5.0,5.0,5.0,0.0,False,5.0,5.0,5.0,0.0,False,5.0,5.0,5.0,0.0,False,5.0,5.0,5.0,0.0,False,5.0,5.0,5.0,0.0,False,5.0,5.0,5.0,0.0,False,5.0,5.0,5.0,0.0,False,5.0,False
46,5.0,5.0,5.0,0.0,False,5.0,5.0,5.0,0.0,False,5.0,5.0,5.0,0.0,False,5.0,5.0,5.0,0.0,False,5.0,5.0,5.0,0.0,False,5.0,5.0,5.0,0.0,False,5.0,5.0,5.0,0.0,False,5.0,False
47,5.0,5.0,5.0,0.0,False,5.0,5.0,5.0,0.0,False,5.0,5.0,5.0,0.0,False,5.0,5.0,5.0,0.0,False,5.0,5.0,5.0,0.0,False,5.0,5.0,5.0,0.0,False,5.0,5.0,5.0,0.0,False,5.0,False
48,3.0,1.0,2.0,2.0,False,5.0,1.0,3.0,4.0,False,5.0,1.0,3.0,4.0,False,5.0,1.0,3.0,4.0,False,5.0,1.0,3.0,4.0,False,5.0,1.0,3.0,4.0,False,5.0,1.0,3.0,4.0,False,2.7499999999999996,False
49,5.0,5.0,5.0,0.0,False,3.0,5.0,4.0,2.0,False,5.0,5.0,5.0,0.0,False,5.0,5.0,5.0,0.0,False,5.0,5.0,5.0,0.0,False,5.0,5.0,5.0,0.0,False,5.0,5.0,5.0,0.0,False,4.75,False
50,5.0,5.0,5.0,0.0,False,5.0,5.0,5.0,0.0,False,5.0,5.0,5.0,0.0,False,5.0,5.0,5.0,0.0,False,5.0,5.0,5.0,0.0,False,5.0,5.0,5.0,0.0,False,5.0,5.0,5.0,0.0,False,5.0,False
51,5.0,3.0,4.0,2.0,False,5.0,5.0,5.0,0.0,False,5.0,5.0,5.0,0.0,False,5.0,5.0,5.0,0.0,False,5.0,5.0,5.0,0.0,False,5.0,5.0,5.0,0.0,False,5.0,5.0,5.0,0.0,False,4.75,False
52,5.0,5.0,5.0,0.0,False,5.0,5.0,5.0,0.0,False,5.0,5.0,5.0,0.0,False,5.0,5.0,5.0,0.0,False,5.0,5.0,5.0,0.0,False,5.0,5.0,5.0,0.0,False,5.0,5.0,5.0,0.0,False,5.0,False
53,5.0,5.0,5.0,0.0,False,5.0,5.0,5.0,0.0,False,5.0,5.0,5.0,0.0,False,5.0,5.0,5.0,0.0,False,5.0,5.0,5.0,0.0,False,5.0,5.0,5.0,0.0,False,5.0,5.0,5.0,0.0,False,5.0,False
54,5.0,3.0,4.0,2.0,False,5.0,5.0,5.0,0.0,False,5.0,5.0,5.0,0.0,False,5.0,5.0,5.0,0.0,False,5.0,5.0,5.0,0.0,False,5.0,5.0,5.0,0.0,False,3.0,1.0,2.0,2.0,False,4.6,False
55,5.0,5.0,5.0,0.0,False,5.0,5.0,5.0,0.0,False,5.0,5.0,5.0,0.0,False,5.0,5.0,5.0,0.0,False,5.0,5.0,5.0,0.0,False,5.0,5.0,5.0,0.0,False,5.0,5.0,5.0,0.0,False,5.0,False
56,5.0,5.0,5.0,0.0,False,5.0,5.0,5.0,0.0,False,5.0,5.0,5.0,0.0,False,5.0,5.0,5.0,0.0,False,5.0,5.0,5.0,0.0,False,5.0,5.0,5.0,0.0,False,5.0,5.0,5.0,0.0,False,5.0,False
57,3.0,3.0,3.0,0.0,False,5.0,5.0,5.0,0.0,False,5.0,5.0,5.0,0.0,False,5.0,5.0,5.0,0.0,False,5.0,5.0,5.0,0.0,False,5.0,5.0,5.0,0.0,False,1.0,1.0,1.0,0.0,False,4.3,False
58,1.0,1.0,1.0,0.0,False,5.0,5.0,5.0,0.0,False,5.0,5.0,5.0,0.0,False,5.0,5.0,5.0,0.0,False,5.0,5.0,5.0,0.0,False,5.0,5.0,5.0,0.0,False,1.0,1.0,1.0,0.0,False,3.8,False
59,1.0,1.0,1.0,0.0,False,3.0,3.0,3.0,0.0,False,5.0,5.0,5.0,0.0,False,5.0,5.0,5.0,0.0,False,5.0,5.0,5.0,0.0,False,5.0,5.0,5.0,0.0,False,1.0,5.0,3.0,4.0,False,3.4,False
60,3.0,3.0,3.0,0.0,False,5.0,5.0,5.0,0.0,False,5.0,5.0,5.0,0.0,False,5.0,5.0,5.0,0.0,False,5.0,5.0,5.0,0.0,False,5.0,5.0,5.0,0.0,False,5.0,5.0,5.0,0.0,False,4.5,False
61,1.0,1.0,1.0,0.0,False,1.0,1.0,1.0,0.0,False,5.0,3.0,4.0,2.0,False,5.0,5.0,5.0,0.0,False,5.0,5.0,5.0,0.0,False,5.0,3.0,4.0,2.0,False,5.0,3.0,4.0,2.0,False,2.7,False
62,5.0,5.0,5.0,0.0,False,3.0,3.0,3.0,0.0,False,3.0,3.0,3.0,0.0,False,5.0,3.0,4.0,2.0,False,5.0,5.0,5.0,0.0,False,3.0,3.0,3.0,0.0,False,5.0,3.0,4.0,2.0,False,3.8500000000000005,False
63,3.0,3.0,3.0,0.0,False,5.0,5.0,5.0,0.0,False,5.0,5.0,5.0,0.0,False,5.0,5.0,5.0,0.0,False,5.0,5.0,5.0,0.0,False,5.0,5.0,5.0,0.0,False,5.0,5.0,5.0,0.0,False,4.5,False
64,1.0,1.0,1.0,0.0,False,1.0,5.0,3.0,4.0,False,5.0,5.0,5.0,0.0,False,5.0,5.0,5.0,0.0,False,5.0,5.0,5.0,0.0,False,5.0,5.0,5.0,0.0,False,5.0,5.0,5.0,0.0,False,3.5,False
65,5.0,5.0,5.0,0.0,False,5.0,5.0,5.0,0.0,False,5.0,5.0,5.0,0.0,False,5.0,5.0,5.0,0.0,False,5.0,5.0,5.0,0.0,False,5.0,5.0,5.0,0.0,False,1.0,5.0,3.0,4.0,False,4.9,False
66,1.0,3.0,2.0,2.0,False,1.0,3.0,2.0,2.0,False,5.0,5.0,5.0,0.0,False,3.0,5.0,4.0,2.0,False,5.0,5.0,5.0,0.0,False,3.0,3.0,3.0,0.0,False,5.0,5.0,5.0,0.0,False,3.2,False
67,5.0,5.0,5.0,0.0,False,5.0,1.0,3.0,4.0,False,5.0,3.0,4.0,2.0,False,5.0,5.0,5.0,0.0,False,5.0,3.0,4.0,2.0,False,5.0,5.0,5.0,0.0,False,5.0,5.0,5.0,0.0,False,4.25,False
68,1.0,5.0,3.0,4.0,False,3.0,5.0,4.0,2.0,False,5.0,5.0,5.0,0.0,False,5.0,5.0,5.0,0.0,False,5.0,5.0,5.0,0.0,False,5.0,5.0,5.0,0.0,False,5.0,5.0,5.0,0.0,False,4.25,False
69,5.0,5.0,5.0,0.0,False,5.0,3.0,4.0,2.0,False,5.0,3.0,4.0,2.0,False,5.0,5.0,5.0,0.0,False,5.0,5.0,5.0,0.0,False,5.0,5.0,5.0,0.0,False,5.0,5.0,5.0,0.0,False,4.6,False
70,5.0,3.0,4.0,2.0,False,5.0,3.0,4.0,2.0,False,5.0,5.0,5.0,0.0,False,5.0,5.0,5.0,0.0,False,5.0,5.0,5.0,0.0,False,5.0,5.0,5.0,0.0,False,5.0,5.0,5.0,0.0,False,4.5,False
71,5.0,5.0,5.0,0.0,False,5.0,5.0,5.0,0.0,False,5.0,5.0,5.0,0.0,False,5.0,5.0,5.0,0.0,False,5.0,5.0,5.0,0.0,False,5.0,5.0,5.0,0.0,False,3.0,3.0,3.0,0.0,False,4.9,False
72,5.0,0.0,0.0,5.0,True,5.0,0.0,0.0,5.0,True,5.0,0.0,0.0,5.0,True,5.0,0.0,0.0,5.0,True,5.0,0.0,0.0,5.0,True,5.0,0.0,0.0,5.0,True,5.0,0.0,0.0,5.0,True,0.0,True
73,0.0,5.0,0.0,5.0,True,0.0,5.0,0.0,5.0,True,0.0,5.0,0.0,5.0,True,0.0,3.0,0.0,3.0,True,0.0,5.0,0.0,5.0,True,0.0,5.0,0.0,5.0,True,0.0,5.0,0.0,5.0,True,0.0,True
74,3.0,5.0,4.0,2.0,False,3.0,5.0,4.0,2.0,False,5.0,5.0,5.0,0.0,False,5.0,5.0,5.0,0.0,False,5.0,5.0,5.0,0.0,False,5.0,5.0,5.0,0.0,False,5.0,5.0,5.0,0.0,False,4.5,False
75,5.0,5.0,5.0,0.0,False,5.0,5.0,5.0,0.0,False,5.0,5.0,5.0,0.0,False,5.0,5.0,5.0,0.0,False,5.0,5.0,5.0,0.0,False,5.0,5.0,5.0,0.0,False,5.0,5.0,5.0,0.0,False,5.0,False
76,5.0,5.0,5.0,0.0,False,5.0,5.0,5.0,0.0,False,5.0,5.0,5.0,0.0,False,5.0,5.0,5.0,0.0,False,5.0,5.0,5.0,0.0,False,5.0,5.0,5.0,0.0,False,5.0,5.0,5.0,0.0,False,5.0,False
77,5.0,5.0,5.0,0.0,False,5.0,5.0,5.0,0.0,False,5.0,5.0,5.0,0.0,False,5.0,5.0,5.0,0.0,False,5.0,5.0,5.0,0.0,False,5.0,5.0,5.0,0.0,False,5.0,5.0,5.0,0.0,False,5.0,False
78,5.0,5.0,5.0,0.0,False,5.0,5.0,5.0,0.0,False,5.0,5.0,5.0,0.0,False,3.0,5.0,4.0,2.0,False,5.0,5.0,5.0,0.0,False,5.0,5.0,5.0,0.0,False,5.0,5.0,5.0,0.0,False,4.9,False
79,3.0,0.0,0.0,3.0,True,3.0,0.0,0.0,3.0,True,3.0,0.0,0.0,3.0,True,5.0,0.0,0.0,5.0,True,5.0,0.0,0.0,5.0,True,5.0,0.0,0.0,5.0,True,5.0,0.0,0.0,5.0,True,0.0,True
80,1.0,1.0,1.0,0.0,False,1.0,1.0,1.0,0.0,False,1.0,1.0,1.0,0.0,False,3.0,3.0,3.0,0.0,False,5.0,5.0,5.0,0.0,False,5.0,3.0,4.0,2.0,False,5.0,5.0,5.0,0.0,False,2.1,False
81,0.0,0.0,0.0,0.0,True,0.0,0.0,0.0,0.0,True,0.0,0.0,0.0,0.0,True,0.0,0.0,0.0,0.0,True,0.0,0.0,0.0,0.0,True,0.0,0.0,0.0,0.0,True,0.0,0.0,0.0,0.0,True,0.0,True
82,3.0,3.0,3.0,0.0,False,3.0,3.0,3.0,0.0,False,5.0,5.0,5.0,0.0,False,5.0,5.0,5.0,0.0,False,5.0,5.0,5.0,0.0,False,5.0,5.0,5.0,0.0,False,5.0,5.0,5.0,0.0,False,4.0,False
83,0.0,0.0,0.0,0.0,True,0.0,0.0,0.0,0.0,True,0.0,0.0,0.0,0.0,True,0.0,0.0,0.0,0.0,True,0.0,0.0,0.0,0.0,True,0.0,0.0,0.0,0.0,True,0.0,0.0,0.0,0.0,True,0.0,True
84,5.0,0.0,0.0,5.0,True,5.0,0.0,0.0,5.0,True,5.0,0.0,0.0,5.0,True,5.0,0.0,0.0,5.0,True,5.0,0.0,0.0,5.0,True,5.0,0.0,0.0,5.0,True,5.0,0.0,0.0,5.0,True,0.0,True
85,5.0,1.0,3.0,4.0,False,3.0,3.0,3.0,0.0,False,3.0,5.0,4.0,2.0,False,3.0,5.0,4.0,2.0,False,5.0,5.0,5.0,0.0,False,5.0,5.0,5.0,0.0,False,5.0,5.0,5.0,0.0,False,3.75,False
86,5.0,3.0,4.0,2.0,False,5.0,5.0,5.0,0.0,False,5.0,5.0,5.0,0.0,False,5.0,5.0,5.0,0.0,False,5.0,5.0,5.0,0.0,False,5.0,5.0,5.0,0.0,False,5.0,5.0,5.0,0.0,False,4.75,False
87,0.0,0.0,0.0,0.0,True,0.0,0.0,0.0,0.0,True,0.0,0.0,0.0,0.0,True,0.0,0.0,0.0,0.0,True,0.0,0.0,0.0,0.0,True,0.0,0.0,0.0,0.0,True,0.0,0.0,0.0,0.0,True,0.0,True
88,0.0,0.0,0.0,0.0,True,0.0,0.0,0.0,0.0,True,0.0,0.0,0.0,0.0,True,0.0,0.0,0.0,0.0,True,0.0,0.0,0.0,0.0,True,0.0,0.0,0.0,0.0,True,0.0,0.0,0.0,0.0,True,0.0,True
89,5.0,0.0,0.0,5.0,True,5.0,0.0,0.0,5.0,True,5.0,0.0,0.0,5.0,True,5.0,0.0,0.0,5.0,True,5.0,0.0,0.0,5.0,True,5.0,0.0,0.0,5.0,True,5.0,0.0,0.0,5.0,True,0.0,True
90,5.0,5.0,5.0,0.0,False,5.0,5.0,5.0,0.0,False,5.0,5.0,5.0,0.0,False,5.0,5.0,5.0,0.0,False,5.0,5.0,5.0,0.0,False,5.0,5.0,5.0,0.0,False,3.0,5.0,4.0,2.0,False,4.95,False
91,3.0,0.0,0.0,3.0,True,5.0,0.0,0.0,5.0,True,5.0,0.0,0.0,5.0,True,5.0,0.0,0.0,5.0,True,5.0,0.0,0.0,5.0,True,5.0,0.0,0.0,5.0,True,5.0,0.0,0.0,5.0,True,0.0,True
92,3.0,0.0,0.0,3.0,True,3.0,0.0,0.0,3.0,True,3.0,0.0,0.0,3.0,True,5.0,0.0,0.0,5.0,True,5.0,0.0,0.0,5.0,True,5.0,0.0,0.0,5.0,True,5.0,0.0,0.0,5.0,True,0.0,True
93,5.0,5.0,5.0,0.0,False,5.0,5.0,5.0,0.0,False,5.0,3.0,4.0,2.0,False,3.0,3.0,3.0,0.0,False,5.0,5.0,5.0,0.0,False,5.0,5.0,5.0,0.0,False,1.0,5.0,3.0,4.0,False,4.550000000000001,False
94,5.0,5.0,5.0,0.0,False,5.0,5.0,5.0,0.0,False,5.0,5.0,5.0,0.0,False,5.0,5.0,5.0,0.0,False,5.0,5.0,5.0,0.0,False,5.0,5.0,5.0,0.0,False,5.0,5.0,5.0,0.0,False,5.0,False
95,5.0,0.0,0.0,5.0,True,3.0,0.0,0.0,3.0,True,3.0,0.0,0.0,3.0,True,5.0,0.0,0.0,5.0,True,5.0,0.0,0.0,5.0,True,5.0,0.0,0.0,5.0,True,3.0,0.0,0.0,3.0,True,0.0,True
96,3.0,5.0,4.0,2.0,False,3.0,3.0,3.0,0.0,False,5.0,3.0,4.0,2.0,False,5.0,5.0,5.0,0.0,False,5.0,5.0,5.0,0.0,False,5.0,5.0,5.0,0.0,False,5.0,5.0,5.0,0.0,False,4.1,False
97,3.0,1.0,2.0,2.0,False,3.0,5.0,4.0,2.0,False,5.0,5.0,5.0,0.0,False,5.0,5.0,5.0,0.0,False,5.0,5.0,5.0,0.0,False,5.0,5.0,5.0,0.0,False,5.0,5.0,5.0,0.0,False,4.0,False
98,3.0,0.0,0.0,3.0,True,3.0,0.0,0.0,3.0,True,3.0,0.0,0.0,3.0,True,5.0,0.0,0.0,5.0,True,5.0,0.0,0.0,5.0,True,5.0,0.0,0.0,5.0,True,5.0,0.0,0.0,5.0,True,0.0,True
99,3.0,3.0,3.0,0.0,False,3.0,1.0,2.0,2.0,False,5.0,1.0,3.0,4.0,False,5.0,3.0,4.0,2.0,False,5.0,3.0,4.0,2.0,False,5.0,1.0,3.0,4.0,False,5.0,5.0,5.0,0.0,False,3.05,False
100,3.0,3.0,3.0,0.0,False,5.0,3.0,4.0,2.0,False,5.0,3.0,4.0,2.0,False,5.0,3.0,4.0,2.0,False,5.0,3.0,4.0,2.0,False,5.0,3.0,4.0,2.0,False,5.0,5.0,5.0,0.0,False,3.8,False
101,5.0,3.0,4.0,2.0,False,5.0,5.0,5.0,0.0,False,5.0,5.0,5.0,0.0,False,5.0,5.0,5.0,0.0,False,5.0,5.0,5.0,0.0,False,5.0,5.0,5.0,0.0,False,5.0,5.0,5.0,0.0,False,4.75,False
102,5.0,5.0,5.0,0.0,False,5.0,5.0,5.0,0.0,False,5.0,5.0,5.0,0.0,False,5.0,5.0,5.0,0.0,False,5.0,5.0,5.0,0.0,False,5.0,5.0,5.0,0.0,False,5.0,5.0,5.0,0.0,False,5.0,False
103,3.0,0.0,0.0,3.0,True,1.0,0.0,0.0,1.0,True,5.0,0.0,0.0,5.0,True,5.0,0.0,0.0,5.0,True,5.0,0.0,0.0,5.0,True,3.0,0.0,0.0,3.0,True,5.0,0.0,0.0,5.0,True,0.0,True
104,1.0,5.0,3.0,4.0,False,3.0,5.0,4.0,2.0,False,5.0,5.0,5.0,0.0,False,5.0,5.0,5.0,0.0,False,5.0,5.0,5.0,0.0,False,5.0,5.0,5.0,0.0,False,5.0,5.0,5.0,0.0,False,4.25,False
105,1.0,1.0,1.0,0.0,False,3.0,5.0,4.0,2.0,False,3.0,3.0,3.0,0.0,False,3.0,3.0,3.0,0.0,False,5.0,3.0,4.0,2.0,False,5.0,1.0,3.0,4.0,False,5.0,5.0,5.0,0.0,False,2.95,False
106,5.0,3.0,4.0,2.0,False,5.0,5.0,5.0,0.0,False,5.0,5.0,5.0,0.0,False,5.0,5.0,5.0,0.0,False,5.0,5.0,5.0,0.0,False,5.0,5.0,5.0,0.0,False,5.0,5.0,5.0,0.0,False,4.75,False
107,5.0,5.0,5.0,0.0,False,5.0,5.0,5.0,0.0,False,5.0,5.0,5.0,0.0,False,5.0,5.0,5.0,0.0,False,5.0,5.0,5.0,0.0,False,5.0,5.0,5.0,0.0,False,5.0,5.0,5.0,0.0,False,5.0,False
108,5.0,3.0,4.0,2.0,False,5.0,5.0,5.0,0.0,False,5.0,3.0,4.0,2.0,False,5.0,3.0,4.0,2.0,False,5.0,5.0,5.0,0.0,False,5.0,3.0,4.0,2.0,False,5.0,5.0,5.0,0.0,False,4.4,False
109,0.0,0.0,0.0,0.0,True,0.0,0.0,0.0,0.0,True,0.0,0.0,0.0,0.0,True,0.0,0.0,0.0,0.0,True,0.0,0.0,0.0,0.0,True,0.0,0.0,0.0,0.0,True,0.0,0.0,0.0,0.0,True,0.0,True
110,0.0,0.0,0.0,0.0,True,0.0,0.0,0.0,0.0,True,0.0,0.0,0.0,0.0,True,0.0,0.0,0.0,0.0,True,0.0,0.0,0.0,0.0,True,0.0,0.0,0.0,0.0,True,0.0,0.0,0.0,0.0,True,0.0,True
111,3.0,5.0,4.0,2.0,False,5.0,5.0,5.0,0.0,False,5.0,3.0,4.0,2.0,False,5.0,5.0,5.0,0.0,False,5.0,5.0,5.0,0.0,False,5.0,5.0,5.0,0.0,False,5.0,5.0,5.0,0.0,False,4.6,False
112,5.0,5.0,5.0,0.0,False,3.0,3.0,3.0,0.0,False,5.0,1.0,3.0,4.0,False,5.0,5.0,5.0,0.0,False,5.0,3.0,4.0,2.0,False,5.0,3.0,4.0,2.0,False,5.0,5.0,5.0,0.0,False,4.0,False
113,3.0,0.0,0.0,3.0,True,3.0,0.0,0.0,3.0,True,5.0,0.0,0.0,5.0,True,5.0,0.0,0.0,5.0,True,5.0,0.0,0.0,5.0,True,5.0,0.0,0.0,5.0,True,5.0,0.0,0.0,5.0,True,0.0,True
114,5.0,5.0,5.0,0.0,False,3.0,5.0,4.0,2.0,False,5.0,5.0,5.0,0.0,False,3.0,3.0,3.0,0.0,False,5.0,3.0,4.0,2.0,False,5.0,5.0,5.0,0.0,False,5.0,5.0,5.0,0.0,False,4.449999999999999,False
115,5.0,0.0,0.0,5.0,True,3.0,0.0,0.0,3.0,True,3.0,0.0,0.0,3.0,True,3.0,0.0,0.0,3.0,True,5.0,0.0,0.0,5.0,True,3.0,0.0,0.0,3.0,True,5.0,0.0,0.0,5.0,True,0.0,True
116,5.0,0.0,0.0,5.0,True,3.0,0.0,0.0,3.0,True,5.0,0.0,0.0,5.0,True,5.0,0.0,0.0,5.0,True,5.0,0.0,0.0,5.0,True,5.0,0.0,0.0,5.0,True,5.0,0.0,0.0,5.0,True,0.0,True
117,5.0,0.0,0.0,5.0,True,3.0,0.0,0.0,3.0,True,3.0,0.0,0.0,3.0,True,5.0,0.0,0.0,5.0,True,5.0,0.0,0.0,5.0,True,3.0,0.0,0.0,3.0,True,5.0,0.0,0.0,5.0,True,0.0,True
118,3.0,5.0,4.0,2.0,False,3.0,5.0,4.0,2.0,False,5.0,5.0,5.0,0.0,False,5.0,5.0,5.0,0.0,False,5.0,5.0,5.0,0.0,False,5.0,5.0,5.0,0.0,False,5.0,5.0,5.0,0.0,False,4.5,False
119,0.0,0.0,0.0,0.0,True,0.0,0.0,0.0,0.0,True,0.0,0.0,0.0,0.0,True,0.0,0.0,0.0,0.0,True,0.0,0.0,0.0,0.0,True,0.0,0.0,0.0,0.0,True,0.0,0.0,0.0,0.0,True,0.0,True
120,5.0,0.0,0.0,5.0,True,3.0,0.0,0.0,3.0,True,3.0,0.0,0.0,3.0,True,5.0,0.0,0.0,5.0,True,5.0,0.0,0.0,5.0,True,5.0,0.0,0.0,5.0,True,5.0,0.0,0.0,5.0,True,0.0,True
121,5.0,5.0,5.0,0.0,False,3.0,3.0,3.0,0.0,False,3.0,3.0,3.0,0.0,False,5.0,5.0,5.0,0.0,False,5.0,5.0,5.0,0.0,False,5.0,5.0,5.0,0.0,False,5.0,5.0,5.0,0.0,False,4.2,False
122,5.0,5.0,5.0,0.0,False,5.0,5.0,5.0,0.0,False,5.0,5.0,5.0,0.0,False,5.0,5.0,5.0,0.0,False,5.0,5.0,5.0,0.0,False,5.0,5.0,5.0,0.0,False,5.0,5.0,5.0,0.0,False,5.0,False
123,0.0,0.0,0.0,0.0,True,0.0,0.0,0.0,0.0,True,0.0,0.0,0.0,0.0,True,0.0,0.0,0.0,0.0,True,0.0,0.0,0.0,0.0,True,0.0,0.0,0.0,0.0,True,0.0,0.0,0.0,0.0,True,0.0,True
124,5.0,0.0,0.0,5.0,True,3.0,0.0,0.0,3.0,True,3.0,0.0,0.0,3.0,True,3.0,0.0,0.0,3.0,True,5.0,0.0,0.0,5.0,True,5.0,0.0,0.0,5.0,True,5.0,0.0,0.0,5.0,True,0.0,True
125,5.0,5.0,5.0,0.0,False,5.0,1.0,3.0,4.0,False,5.0,1.0,3.0,4.0,False,5.0,3.0,4.0,2.0,False,5.0,3.0,4.0,2.0,False,5.0,5.0,5.0,0.0,False,5.0,5.0,5.0,0.0,False,4.0,False
126,5.0,5.0,5.0,0.0,False,5.0,5.0,5.0,0.0,False,5.0,5.0,5.0,0.0,False,5.0,5.0,5.0,0.0,False,5.0,5.0,5.0,0.0,False,5.0,5.0,5.0,0.0,False,3.0,5.0,4.0,2.0,False,4.95,False
127,5.0,0.0,0.0,5.0,True,3.0,0.0,0.0,3.0,True,3.0,0.0,0.0,3.0,True,5.0,0.0,0.0,5.0,True,5.0,0.0,0.0,5.0,True,5.0,0.0,0.0,5.0,True,5.0,0.0,0.0,5.0,True,0.0,True
128,5.0,0.0,0.0,5.0,True,3.0,0.0,0.0,3.0,True,3.0,0.0,0.0,3.0,True,5.0,0.0,0.0,5.0,True,5.0,0.0,0.0,5.0,True,5.0,0.0,0.0,5.0,True,5.0,0.0,0.0,5.0,True,0.0,True
129,5.0,5.0,5.0,0.0,False,5.0,5.0,5.0,0.0,False,5.0,3.0,4.0,2.0,False,5.0,5.0,5.0,0.0,False,5.0,5.0,5.0,0.0,False,5.0,5.0,5.0,0.0,False,1.0,,1.0,,False,4.6499999999999995,False
130,5.0,5.0,5.0,0.0,False,5.0,5.0,5.0,0.0,False,5.0,5.0,5.0,0.0,False,5.0,5.0,5.0,0.0,False,5.0,5.0,5.0,0.0,False,5.0,5.0,5.0,0.0,False,5.0,5.0,5.0,0.0,False,5.0,False
131,5.0,3.0,4.0,2.0,False,5.0,5.0,5.0,0.0,False,5.0,5.0,5.0,0.0,False,5.0,5.0,5.0,0.0,False,5.0,5.0,5.0,0.0,False,5.0,5.0,5.0,0.0,False,5.0,5.0,5.0,0.0,False,4.75,False
132,5.0,5.0,5.0,0.0,False,3.0,5.0,4.0,2.0,False,5.0,3.0,4.0,2.0,False,5.0,5.0,5.0,0.0,False,5.0,5.0,5.0,0.0,False,5.0,5.0,5.0,0.0,False,5.0,5.0,5.0,0.0,False,4.6,False
133,3.0,1.0,2.0,2.0,False,1.0,1.0,1.0,0.0,False,3.0,1.0,2.0,2.0,False,5.0,1.0,3.0,4.0,False,5.0,1.0,3.0,4.0,False,5.0,1.0,3.0,4.0,False,5.0,1.0,3.0,4.0,False,2.1,False
134,5.0,1.0,3.0,4.0,False,3.0,5.0,4.0,2.0,False,3.0,5.0,4.0,2.0,False,5.0,5.0,5.0,0.0,False,5.0,5.0,5.0,0.0,False,5.0,5.0,5.0,0.0,False,5.0,5.0,5.0,0.0,False,4.1,False
135,5.0,5.0,5.0,0.0,False,3.0,3.0,3.0,0.0,False,3.0,1.0,2.0,2.0,False,5.0,5.0,5.0,0.0,False,5.0,3.0,4.0,2.0,False,5.0,3.0,4.0,2.0,False,5.0,5.0,5.0,0.0,False,3.8499999999999996,False
136,5.0,0.0,0.0,5.0,True,3.0,0.0,0.0,3.0,True,3.0,0.0,0.0,3.0,True,5.0,0.0,0.0,5.0,True,5.0,0.0,0.0,5.0,True,5.0,0.0,0.0,5.0,True,5.0,0.0,0.0,5.0,True,0.0,True
137,5.0,3.0,4.0,2.0,False,5.0,5.0,5.0,0.0,False,5.0,5.0,5.0,0.0,False,5.0,5.0,5.0,0.0,False,5.0,5.0,5.0,0.0,False,5.0,5.0,5.0,0.0,False,5.0,5.0,5.0,0.0,False,4.75,False
138,3.0,5.0,4.0,2.0,False,3.0,5.0,4.0,2.0,False,3.0,5.0,4.0,2.0,False,5.0,5.0,5.0,0.0,False,5.0,5.0,5.0,0.0,False,5.0,5.0,5.0,0.0,False,5.0,5.0,5.0,0.0,False,4.35,False
139,5.0,0.0,0.0,5.0,True,3.0,0.0,0.0,3.0,True,3.0,0.0,0.0,3.0,True,5.0,0.0,0.0,5.0,True,5.0,0.0,0.0,5.0,True,5.0,0.0,0.0,5.0,True,5.0,0.0,0.0,5.0,True,0.0,True
140,3.0,5.0,4.0,2.0,False,3.0,5.0,4.0,2.0,False,5.0,5.0,5.0,0.0,False,5.0,5.0,5.0,0.0,False,5.0,5.0,5.0,0.0,False,5.0,5.0,5.0,0.0,False,5.0,5.0,5.0,0.0,False,4.5,False
141,3.0,5.0,4.0,2.0,False,3.0,5.0,4.0,2.0,False,5.0,5.0,5.0,0.0,False,5.0,5.0,5.0,0.0,False,5.0,5.0,5.0,0.0,False,5.0,5.0,5.0,0.0,False,5.0,5.0,5.0,0.0,False,4.5,False
142,5.0,3.0,4.0,2.0,False,5.0,5.0,5.0,0.0,False,5.0,5.0,5.0,0.0,False,5.0,5.0,5.0,0.0,False,5.0,5.0,5.0,0.0,False,5.0,5.0,5.0,0.0,False,5.0,,5.0,,False,4.75,False
143,5.0,3.0,4.0,2.0,False,5.0,5.0,5.0,0.0,False,5.0,5.0,5.0,0.0,False,5.0,5.0,5.0,0.0,False,5.0,5.0,5.0,0.0,False,5.0,5.0,5.0,0.0,False,3.0,5.0,4.0,2.0,False,4.7,False
144,3.0,0.0,0.0,3.0,True,3.0,0.0,0.0,3.0,True,5.0,0.0,0.0,5.0,True,5.0,0.0,0.0,5.0,True,5.0,0.0,0.0,5.0,True,5.0,0.0,0.0,5.0,True,5.0,0.0,0.0,5.0,True,0.0,True
