row_id,prompt_family,owner,model_key,config_label,ruleset,source_text,reference_text,generated_text,sari,bertscore_f1,rougeL_f,compression_ratio_eval,exact_copy,system_family,system_name
550,few-shot,hariel,llama3,llama3_cfg_3,R1,"No tiene incentivos ni motivación, dos elementos esenciales en ambientes de competencia.",No tiene sentido ni motivación. Estos elementos son esenciales para la competencia.,Sin motivación y sin incentivos no se puede trabajar bien en un ambiente competitivo.,32.203641768859164,0.7448984384536743,0.1428571428571428,1.1666666666666667,0,prompting,few-shot_hariel_llama3_llama3_cfg_3_R1
571,few-shot,hariel,llama3,llama3_cfg_3,R1,"En los procesos de importaciones y exportaciones intervienen, además de clientes y proveedores, instituciones del Estado y los bancos, tal como se indica en el siguiente recuadro:",Clientes y proveedores intervienen en las importancias y exportaciones. También lo hacen las instituciones estatales y los banco como se indica a continuación:,"En la importación y exportación, también participan organismos estatales y bancos, aparte de clientes y proveedores.",44.060676206509534,0.7855876684188843,0.2727272727272727,0.5925925925925926,0,prompting,few-shot_hariel_llama3_llama3_cfg_3_R1
885,few-shot,hariel,llama3,llama3_cfg_3,R1,"El robo de identidad ocurre cuando su información personal, tal como su nombre, número de cuenta, o número de cédula de identidad se usan sin su conocimiento para cometer un fraude o robo.","El robo de identidad ocurre cuando su información personal como su nombre, número de cuenta, o número de cédula de identidad se usan sin su conocimiento para cometer un fraude o robo.","El robo de identidad es cuando alguien utiliza su información personal, como el nombre y números de cuenta o de identificación, sin su permiso para hacer trucos o robos.",17.219228191887513,0.8529073596000671,0.5882352941176471,0.8787878787878788,0,prompting,few-shot_hariel_llama3_llama3_cfg_3_R1
1193,few-shot,hariel,llama3,llama3_cfg_3,R1,"Los sueños de los niños tienen una gran variedad que va desde Tarzán hasta el Agente 007, pasando por Superman.",Los sueños de los niños son variados y van desde Tarzán hasta el Agente 007 y Superman.,"Los niños soñan con cosas muy diferentes, como ser Tarzán, el Agente 007 o Superman.",39.35560966810967,0.8379143476486206,0.4736842105263158,0.75,0,prompting,few-shot_hariel_llama3_llama3_cfg_3_R1
1391,few-shot,hariel,llama3,llama3_cfg_3,R1,Expresiones como soborno y cohecho se refieren a ilícitos vinculados a la compra de la voluntad de un individuo para provecho personal.,Expresiones como soborno y cohecho se refieren a delitos vinculados a comprar la voluntad de alguien para provecho personal.,"Expresiones como ""soborno"" y ""cohecho"" se refieren a actos ilegales que involucran comprar el apoyo o consentimiento de alguien para beneficio propio.",39.1025383507635,0.8959304094314575,0.5853658536585366,1.0,0,prompting,few-shot_hariel_llama3_llama3_cfg_3_R1
1399,few-shot,hariel,llama3,llama3_cfg_3,R1,"DIRECCIÓN DE PRESUPUESTO (DIPRES): ""formula y lleva el control presupuestario de la nación.""",DIRECCIÓN DE PRESUPUESTO: formula y lleva el control presupuestario de la nación.,La Dirección de Presupuesto es responsable de gestionar y supervisar los presupuestos del país.,31.316304894310008,0.7064061760902405,0.3333333333333333,1.0769230769230769,0,prompting,few-shot_hariel_llama3_llama3_cfg_3_R1
1636,few-shot,hariel,llama3,llama3_cfg_3,R1,"Interés compuesto: Es la suma del capital y el interés acumulado, que se va multiplicando según los plazos convenidos. La tasa de interés es el porcentaje que se aplica a un préstamo o inversión realizada.",El interés compuesto es la suma del capital y el interés acumulado. La tasa de interés es el porcentaje aplicado a un préstamo o inversión realizada.,"El interés compuesto es la suma del capital y el interés acumulado, que crece según el tiempo establecido. La tasa de interés es el porcentaje que se aplica a un préstamo o inversión.",56.65722572012688,0.940141260623932,0.8285714285714285,0.9428571428571428,0,prompting,few-shot_hariel_llama3_llama3_cfg_3_R1
1740,few-shot,hariel,llama3,llama3_cfg_3,R1,La producción en un país se realiza mediante lo que se conoce como factores de producción y de los cuales nos ocuparemos en detalle más adelante.,A través de los factores de producción se realiza la producción en un país. Más adelante nos ocuparemos en detalle de estos factores.,"La producción en un país se hace utilizando recursos, sobre los que hablaremos después.",45.35319255907492,0.7881205677986145,0.3555555555555555,0.5384615384615384,0,prompting,few-shot_hariel_llama3_llama3_cfg_3_R1
1742,few-shot,hariel,llama3,llama3_cfg_3,R1,"A pesar de que algunos critican al intermediario, se necesita a este individuo en la economía.","Aunque algunas personas critican al intermediario, este individuo es necesario en la economía.","Aunque algunos critican al intermediario financiero, es importante su papel en la economía.",56.21156878896817,0.8829872608184814,0.6428571428571429,0.8125,0,prompting,few-shot_hariel_llama3_llama3_cfg_3_R1
1790,few-shot,hariel,llama3,llama3_cfg_3,R1,El impuesto a los réditos es también un buen instrumento para conocer el monto de las rentas y de la riqueza nacional.,El impuesto a las utilidades también es un buen método para conocer el monto de las rentas y de la riqueza nacional.,El impuesto sobre los intereses es una forma efectiva de medir el monto de las rentas y la riqueza del país.,39.711278191670345,0.89063560962677,0.4782608695652174,0.9545454545454546,0,prompting,few-shot_hariel_llama3_llama3_cfg_3_R1
1920,few-shot,hariel,llama3,llama3_cfg_3,R1,"También es de mucha ayuda separar las metas en tres períodos de tiempo para los propósitos de planeamiento, y aun cuando esto ya se trató en el capítulo anterior, se reitera tan importante aspecto, centrados en el tema del presente y con la intención de reforzar el manejo del mismo:","También ayuda separar las metas en tres períodos de tiempo para cumplir con los propósitos planteados. Aunque este aspecto ya se trató en el capítulo anterior, reiteramos su importancia:",Separar las metas en tres períodos de tiempo ayuda a planificar mejor.,49.8678965303786,0.7602027654647827,0.391304347826087,0.24,0,prompting,few-shot_hariel_llama3_llama3_cfg_3_R1
2027,few-shot,hariel,llama3,llama3_cfg_3,R1,Seguridad financiera: Consiste en cumplir con las necesidades que se presentan en el futuro de las personas y al mismo tiempo cumplir con las obligaciones diarias.,"Seguridad financiera, consiste en cumplir con las necesidades económicas que se presentan en el futuro de las personas y también cumplir con las obligaciones financieras diarias.","La seguridad financiera es importante porque te permite pagar tus necesidades actuales y futuras, así como también cumplir con tus compromisos.",26.158551597431057,0.7802111506462097,0.32,0.8076923076923077,0,prompting,few-shot_hariel_llama3_llama3_cfg_3_R1
2065,few-shot,hariel,llama3,llama3_cfg_3,R1,"La última, pero no menos importante razón, puede ser encontrar un fascinante campo de acción intelectual para comprender el mundo real.",La última es encontrar un campo de acción intelectual para comprender el mundo real.,La razón final es encontrar un tema interesante que te ayude a entender mejor el mundo.,35.419194095664686,0.8186931610107422,0.375,0.7619047619047619,0,prompting,few-shot_hariel_llama3_llama3_cfg_3_R1
2365,few-shot,hariel,llama3,llama3_cfg_3,R1,"Si el entusiasmo, y esto no es idealismo ramplón, se orienta hacia la salud, la belleza, el éxito, la felicidad, lo más probable es que se obtenga la salud, la belleza, el éxito y la felicidad.","Si el entusiasmo se dirige hacia la salud, la belleza, el éxito, la felicidad es probable que los consigamos.","Si nos enfocamos en la salud, la belleza, el éxito y la felicidad con entusiasmo, podemos lograr estos objetivos.",51.47449583632639,0.8310080766677856,0.4736842105263157,0.5277777777777778,0,prompting,few-shot_hariel_llama3_llama3_cfg_3_R1
2449,few-shot,hariel,llama3,llama3_cfg_3,R1,"En la segunda etapa de programación, se definen los objetivos y se fijan las metas o resultados esperados, que deben ser lo más específicos y precisos posibles, para tener claridad en lo que se trata de alcanzar con las inversiones por realizar; por ejemplo, los tipos de inversión y los montos que se pretenden lograr en un tiempo definido y otros que pueden describirse en términos de logro o resultados que se desean alcanzar.","En la segunda etapa de programación, se definen los objetivos y se fijan las metas específicas.","En la segunda etapa de programación, se establecen objetivos claros y precisos para saber qué se quiere lograr con las inversiones. Por ejemplo, se pueden definir los tipos de inversión y el monto que se desea lograr en un plazo determinado o describirse resultados deseados.",44.54944156429613,0.7987131476402283,0.3692307692307691,0.6081081081081081,0,prompting,few-shot_hariel_llama3_llama3_cfg_3_R1
2550,few-shot,hariel,llama3,llama3_cfg_3,R1,Estas tarjetas acarrean pocos riesgos y te ayudan a crear buenos antecedentes crediticios al mostrar tu capacidad para usar una tarjeta con responsabilidad.,Estas tarjetas traen pocos riesgos y ayudan a crear buen historial crediticio.,Estas tarjetas no son peligrosas y te permiten construir un buen historial crediticio demostrando que puedes utilizar la tarjeta de manera responsable.,41.09692776359443,0.8348536491394043,0.3529411764705882,0.9565217391304348,0,prompting,few-shot_hariel_llama3_llama3_cfg_3_R1
2657,few-shot,hariel,llama3,llama3_cfg_3,R1,"Adicionalmente, el canal móvil (celulares) es de alto potencial para utilizar pagos a través de mensajería de texto SMS permitiendo, desde cualquier lugar donde se tenga acceso al servicio inalámbrico, realizar pagos electrónicos.","Además, los celulares permiten realizar pagos electrónicos desde cualquier lugar con acceso al servicio inalámbrico.",El pago electrónico puede hacerse desde cualquier lugar con conexión móvil gracias a la función de mensajes de texto (SMS).,41.27062088867988,0.7950063943862915,0.2380952380952381,0.6060606060606061,0,prompting,few-shot_hariel_llama3_llama3_cfg_3_R1
2703,few-shot,hariel,llama3,llama3_cfg_3,R1,"Existen varias modalidades de cheques, como lo mencionan los mismos Alonso, Brailovsky y Ortiz (1999).","Según Alonso, Brailovsky y Ortiz (mil novecientos noventa y nueve) hay varias modalidades de cheques.","Existen diferentes tipos de cheques, según dicen Alonso, Brailovsky y Ortiz.",51.52458652458652,0.8185524344444275,0.4285714285714285,0.7333333333333333,0,prompting,few-shot_hariel_llama3_llama3_cfg_3_R1
2732,few-shot,hariel,llama3,llama3_cfg_3,R1,"La mayor ventaja es la flexibilidad que le da al usuario, quien puede pagar sus saldos por completo cada mes o puede pagar en parte.",La mayor ventaja es la flexibilidad para el usuario. Quien puede pagar sus saldos completos o en parte mensualmente.,"La principal ventaja es que el usuario tiene libertad para elegir cómo paga sus deudas, ya sea pagando todo a la vez o haciendo pagos parciales.",34.82376429058221,0.7942051887512207,0.3043478260869565,1.04,0,prompting,few-shot_hariel_llama3_llama3_cfg_3_R1
2947,few-shot,hariel,llama3,llama3_cfg_3,R1,"El dinero que inviertes inicialmente se denomina ""capital"".",El capital es el dinero invertido inicialmente.,El capital es el dinero que inviertes al principio.,53.345959595959606,0.8973148465156555,0.6250000000000001,1.125,0,prompting,few-shot_hariel_llama3_llama3_cfg_3_R1
3320,few-shot,hariel,llama3,llama3_cfg_3,R1,"Existen modelos cuantitativos que permiten determinar de manera técnica el valor de la tasa de descuento como el CAPM1 y el WACC2 (Bell, 2016), los cuales no se incluyen en el presente documento; no obstante, la determinación subjetiva de la tasa de descuento exigida por el accionista puede utilizarse ante la falta de información de los mencionados modelos.","Hay modelos cuantitativos para determinar técnicamente el valor de la tasa de descuento, pero no se incluyen en este documento. Sin embargo, la determinación subjetiva de la tasa de descuento exigida por el accionista se puede utilizar ante la falta de información de esos modelos.","La determinación del valor de la tasa de descuento es técnicamente posible mediante modelos como CAPM y WACC, pero no se incluyen en este documento. En su lugar, se puede utilizar una estimación subjetiva de la tasa de descuento que un accionista podría requerir si no hay información disponible sobre los mencionados modelos.",55.77227245335505,0.8531070947647095,0.4528301886792453,0.913793103448276,0,prompting,few-shot_hariel_llama3_llama3_cfg_3_R1
3396,few-shot,hariel,llama3,llama3_cfg_3,R1,"Particularmente, se observa que el escenario 3 es el único que presenta una situación que no sea rentable.",El escenario tres es el único que presenta una situación no rentable.,Este escenario no es rentable.,33.08422269995089,0.823542594909668,0.3333333333333333,0.2777777777777778,0,prompting,few-shot_hariel_llama3_llama3_cfg_3_R1
3404,few-shot,hariel,llama3,llama3_cfg_3,R1,"Obtenga el rendimiento de un bono de $10,000 que paga el 6.",Saque el rendimiento de un bono de diez mil dólares que paga el seis.,"El rendimiento anual de un bono de $10,000 que paga el 6% es de $600.",31.48666811070904,0.8093894720077515,0.5806451612903225,1.2307692307692308,0,prompting,few-shot_hariel_llama3_llama3_cfg_3_R1
3570,few-shot,hariel,llama3,llama3_cfg_3,R1,"De partida, el tema concierne a todos los individuos y durante toda la vida, pues las finanzas explican la procedencia y uso de los ingresos y recursos que se disponen para satisfacer las necesidades particulares de todas y todos.",El tema interesa a todas las personas. Porque las finanzas explican el origen y uso de los ingresos disponibles para satisfacer las necesidades de todos.,Las finanzas son importantes en nuestra vida porque nos ayudan a entender cómo gastamos nuestros ingresos y recursos para satisfacer nuestras necesidades personales.,37.12905033432533,0.7970877289772034,0.2448979591836734,0.5897435897435898,0,prompting,few-shot_hariel_llama3_llama3_cfg_3_R1
3653,few-shot,hariel,llama3,llama3_cfg_3,R1,¿Qué función cumplen las empresas en la sociedad?,¿Qué función tienen las empresas en la sociedad?,"Las empresas son fundamentales para la sociedad porque crean empleos, producen bienes y servicios que mejoran nuestras vidas, y generan riqueza. Además, aportan innovación y tecnología que nos permiten vivir de manera más cómoda y segura.",27.222222222222214,0.6808618307113647,0.16,4.5,0,prompting,few-shot_hariel_llama3_llama3_cfg_3_R1
3712,few-shot,hariel,llama3,llama3_cfg_3,R1,Estos principios están diseñados para promover que las firmas de servicios financieros y las organizaciones de consumidores hagan más para educar a los ciudadanos en esta área.,Estos principios están diseñados para promover que las empresas de servicios financieros y las organizaciones de consumidores hagan más para educar a los ciudadanos en esta área.,Estos principios buscan fomentar la educación financiera entre los ciudadanos.,9.790735419327374,0.8230160474777222,0.2439024390243902,0.3703703703703703,0,prompting,few-shot_hariel_llama3_llama3_cfg_3_R1
3776,few-shot,hariel,llama3,llama3_cfg_3,R1,"Hable con ellos, déles la cara, y hágales saber que está haciendo todo lo que puede para pagarles.","Hable con ellos, enfréntelos y comuníqueles que está haciendo lo posible para pagarles.","Hable con ellos, déles la cara y asegúreles que estás haciendo todo lo posible por pagar.",43.43479488569621,0.8333357572555542,0.5294117647058824,0.8888888888888888,0,prompting,few-shot_hariel_llama3_llama3_cfg_3_R1
3819,few-shot,hariel,llama3,llama3_cfg_3,R1,Pero ¿en qué se compite?,Pero ¿en qué se compite?,"La gente se compete por ganar libertad financiera y evitar batallas financieras inútiles, ya que no todos pueden vivir con lo justo.",2.380952380952381,0.6565062403678894,0.0714285714285714,4.4,0,prompting,few-shot_hariel_llama3_llama3_cfg_3_R1
4006,few-shot,hariel,llama3,llama3_cfg_3,R1,"Por otra parte, algunas personas sostienen que un impuesto de 10 por ciento impondría el mismo sacrificio a ambas familias.","Por otra parte, algunas personas sostienen que un impuesto de diez por ciento impondría el mismo sacrificio a ambas familias.",Algunas personas creen que un impuesto del 10% sería igualmente difícil para ambas familias.,16.802407589020863,0.8416994214057922,0.4324324324324324,0.7,0,prompting,few-shot_hariel_llama3_llama3_cfg_3_R1
4276,few-shot,hariel,llama3,llama3_cfg_3,R1,"Al principio, como ya vimos en el trueque, adoptó la forma de mercancía, pero con el tiempo se transformó en dinero-papel, cuentas corrientes y otras formas.","Al principio, tuvo la forma de mercancía, pero luego se transformó en dinero-papel, cuentas corrientes y otras formas.","La moneda comenzó a ser un objeto tangible, como una mercancía. Con el tiempo, evolucionó para convertirse en billetes de papel, cuentas bancarias y otros formatos.",25.85843540357904,0.7987812757492065,0.2978723404255319,0.9629629629629628,0,prompting,few-shot_hariel_llama3_llama3_cfg_3_R1
4284,few-shot,hariel,llama3,llama3_cfg_3,R1,"¿Son estos sólo sueños, o son metas reales?",¿Estos son sólo sueños o son metas reales?,¿Sólo son sueños o metas reales?,46.09418359418359,0.9155514240264891,0.7777777777777777,0.75,0,prompting,few-shot_hariel_llama3_llama3_cfg_3_R1
4638,few-shot,hariel,llama3,llama3_cfg_3,R1,"En los pueblos donde el principio de la elección se extiende a todo, no hay propiamente hablando carrera pública.",En los pueblos donde el principio de la elección se extiende a todo no existe la carrera pública.,"En lugares donde todos pueden elegir, no hay realmente una ""carrera pública"".",18.967932323431043,0.8130783438682556,0.3636363636363637,0.631578947368421,0,prompting,few-shot_hariel_llama3_llama3_cfg_3_R1
4751,few-shot,hariel,llama3,llama3_cfg_3,R1,"Sin entusiasmo, dijo alguien famoso, nunca se ha podido realizar nada grande.",Sin entusiasmo no se logró nada grande.,Nunca puedes lograr algo importante sin sentir entusiasmo.,35.333333333333336,0.7787414193153381,0.2666666666666666,0.6666666666666666,0,prompting,few-shot_hariel_llama3_llama3_cfg_3_R1
5037,few-shot,hariel,llama3,llama3_cfg_3,R1,"Por tanto, este método calcula interés sobre interés.","Por eso, este método calcula interés sobre interés.","Este método considera el interés ganado y lo aplica de nuevo, es decir, se calcula el interés sobre el interés.",29.602396514161217,0.820418119430542,0.5142857142857142,2.5,0,prompting,few-shot_hariel_llama3_llama3_cfg_3_R1
5112,few-shot,hariel,llama3,llama3_cfg_3,R1,"El resultado es aproximado a $300,000 en seis años.",El resultado es aproximadamente trescientos mil dólares en seis años.,"El resultado sería de alrededor de 300,000 dólares después de seis años.",46.099409849409845,0.8832859396934509,0.4827586206896552,1.3,0,prompting,few-shot_hariel_llama3_llama3_cfg_3_R1
5187,few-shot,hariel,llama3,llama3_cfg_3,R1,Documente todos sus gastos e ingresos o compárelos con lo que usted planificó que iba a gastar en el mes.,Documente todos sus gastos e ingresos y compárelos con lo que usted planificó que iba a gastar en el mes.,Asegúrate de documentar tus gastos y ingresos para compararlos con tu presupuesto mensual.,12.037037037037038,0.7405397891998291,0.1714285714285714,0.65,0,prompting,few-shot_hariel_llama3_llama3_cfg_3_R1
550,few-shot,nancy,llama3,llama3_cfg_2,R2,"No tiene incentivos ni motivación, dos elementos esenciales en ambientes de competencia.",No tiene sentido ni motivación. Estos elementos son esenciales para la competencia.,"No tiene motivación para trabajar bien y ganar, lo que es importante en un ambiente competitivo.",38.91329258976318,0.7686567306518555,0.3333333333333333,1.3333333333333333,0,prompting,few-shot_nancy_llama3_llama3_cfg_2_R2
571,few-shot,nancy,llama3,llama3_cfg_2,R2,"En los procesos de importaciones y exportaciones intervienen, además de clientes y proveedores, instituciones del Estado y los bancos, tal como se indica en el siguiente recuadro:",Clientes y proveedores intervienen en las importancias y exportaciones. También lo hacen las instituciones estatales y los banco como se indica a continuación:,"En la importación y exportación, están involucrados no solo clientes y proveedores, sino también el Estado y los bancos.",41.66251187084521,0.7548491954803467,0.2916666666666667,0.7037037037037037,0,prompting,few-shot_nancy_llama3_llama3_cfg_2_R2
885,few-shot,nancy,llama3,llama3_cfg_2,R2,"El robo de identidad ocurre cuando su información personal, tal como su nombre, número de cuenta, o número de cédula de identidad se usan sin su conocimiento para cometer un fraude o robo.","El robo de identidad ocurre cuando su información personal como su nombre, número de cuenta, o número de cédula de identidad se usan sin su conocimiento para cometer un fraude o robo.","El robo de identidad es cuando alguien utiliza sus datos personales, como nombre y números de cuenta, sin su permiso para hacer algo ilegal.",16.539121066984844,0.8304314017295837,0.4262295081967213,0.7272727272727273,0,prompting,few-shot_nancy_llama3_llama3_cfg_2_R2
1193,few-shot,nancy,llama3,llama3_cfg_2,R2,"Los sueños de los niños tienen una gran variedad que va desde Tarzán hasta el Agente 007, pasando por Superman.",Los sueños de los niños son variados y van desde Tarzán hasta el Agente 007 y Superman.,"Los niños soñan con cosas como ser Tarzán, el Agente 007 o Superman.",39.35560966810967,0.842180609703064,0.5,0.65,0,prompting,few-shot_nancy_llama3_llama3_cfg_2_R2
1391,few-shot,nancy,llama3,llama3_cfg_2,R2,Expresiones como soborno y cohecho se refieren a ilícitos vinculados a la compra de la voluntad de un individuo para provecho personal.,Expresiones como soborno y cohecho se refieren a delitos vinculados a comprar la voluntad de alguien para provecho personal.,Esto es un delito en el que se paga o se ofrece dinero para influir en las decisiones de alguien y beneficiarse personalmente.,26.46034327379314,0.7401090264320374,0.1428571428571428,1.0454545454545454,0,prompting,few-shot_nancy_llama3_llama3_cfg_2_R2
1399,few-shot,nancy,llama3,llama3_cfg_2,R2,"DIRECCIÓN DE PRESUPUESTO (DIPRES): ""formula y lleva el control presupuestario de la nación.""",DIRECCIÓN DE PRESUPUESTO: formula y lleva el control presupuestario de la nación.,El organismo DIRECCIÓN DE PRESUPUESTO (DIPRES) es responsable de gestionar y supervisar los presupuestos del país.,22.45448995448996,0.8327184915542603,0.3125,1.2307692307692308,0,prompting,few-shot_nancy_llama3_llama3_cfg_2_R2
1636,few-shot,nancy,llama3,llama3_cfg_2,R2,"Interés compuesto: Es la suma del capital y el interés acumulado, que se va multiplicando según los plazos convenidos. La tasa de interés es el porcentaje que se aplica a un préstamo o inversión realizada.",El interés compuesto es la suma del capital y el interés acumulado. La tasa de interés es el porcentaje aplicado a un préstamo o inversión realizada.,"El interés compuesto es la suma del capital y el interés acumulado, que crece según el plazo convenido. La tasa de interés es el porcentaje que se aplica a un préstamo o inversión.",56.65722572012688,0.9340506196022034,0.8285714285714285,0.9428571428571428,0,prompting,few-shot_nancy_llama3_llama3_cfg_2_R2
1740,few-shot,nancy,llama3,llama3_cfg_2,R2,La producción en un país se realiza mediante lo que se conoce como factores de producción y de los cuales nos ocuparemos en detalle más adelante.,A través de los factores de producción se realiza la producción en un país. Más adelante nos ocuparemos en detalle de estos factores.,"La producción en un país se hace mediante factores, que estudiaremos después.",44.70180945941595,0.8252304196357727,0.3720930232558139,0.4615384615384615,0,prompting,few-shot_nancy_llama3_llama3_cfg_2_R2
1742,few-shot,nancy,llama3,llama3_cfg_2,R2,"A pesar de que algunos critican al intermediario, se necesita a este individuo en la economía.","Aunque algunas personas critican al intermediario, este individuo es necesario en la economía.","Aunque algunos lo critican, el intermediario es necesario en la economía.",62.42508871894836,0.9305233359336852,0.6923076923076924,0.6875,0,prompting,few-shot_nancy_llama3_llama3_cfg_2_R2
1790,few-shot,nancy,llama3,llama3_cfg_2,R2,El impuesto a los réditos es también un buen instrumento para conocer el monto de las rentas y de la riqueza nacional.,El impuesto a las utilidades también es un buen método para conocer el monto de las rentas y de la riqueza nacional.,El impuesto a los réditos ayuda a saber cuántas rentas y riqueza hay en un país.,21.652336860670196,0.804913341999054,0.2790697674418604,0.7272727272727273,0,prompting,few-shot_nancy_llama3_llama3_cfg_2_R2
1920,few-shot,nancy,llama3,llama3_cfg_2,R2,"También es de mucha ayuda separar las metas en tres períodos de tiempo para los propósitos de planeamiento, y aun cuando esto ya se trató en el capítulo anterior, se reitera tan importante aspecto, centrados en el tema del presente y con la intención de reforzar el manejo del mismo:","También ayuda separar las metas en tres períodos de tiempo para cumplir con los propósitos planteados. Aunque este aspecto ya se trató en el capítulo anterior, reiteramos su importancia:",Separa tus metas en tres períodos para planificar mejor. Esta estrategia es clave para alcanzar tus objetivos financieros.,37.19402124173279,0.7130793929100037,0.2307692307692307,0.36,0,prompting,few-shot_nancy_llama3_llama3_cfg_2_R2
2027,few-shot,nancy,llama3,llama3_cfg_2,R2,Seguridad financiera: Consiste en cumplir con las necesidades que se presentan en el futuro de las personas y al mismo tiempo cumplir con las obligaciones diarias.,"Seguridad financiera, consiste en cumplir con las necesidades económicas que se presentan en el futuro de las personas y también cumplir con las obligaciones financieras diarias.",La seguridad financiera es importante porque nos ayuda a pagar nuestras necesidades futuras y también a cumplir con nuestras obligaciones diarias.,26.09699788942425,0.8345664739608765,0.4,0.8076923076923077,0,prompting,few-shot_nancy_llama3_llama3_cfg_2_R2
2065,few-shot,nancy,llama3,llama3_cfg_2,R2,"La última, pero no menos importante razón, puede ser encontrar un fascinante campo de acción intelectual para comprender el mundo real.",La última es encontrar un campo de acción intelectual para comprender el mundo real.,La razón última es encontrar un tema interesante y desafiador que te ayude a entender mejor el mundo.,38.29719500772132,0.8211046457290649,0.4117647058823529,0.8571428571428571,0,prompting,few-shot_nancy_llama3_llama3_cfg_2_R2
2365,few-shot,nancy,llama3,llama3_cfg_2,R2,"Si el entusiasmo, y esto no es idealismo ramplón, se orienta hacia la salud, la belleza, el éxito, la felicidad, lo más probable es que se obtenga la salud, la belleza, el éxito y la felicidad.","Si el entusiasmo se dirige hacia la salud, la belleza, el éxito, la felicidad es probable que los consigamos.","Si nos enfocamos en la salud, la belleza, el éxito y la felicidad con entusiasmo, podemos lograr estos objetivos.",51.47449583632639,0.8310080170631409,0.4736842105263157,0.5277777777777778,0,prompting,few-shot_nancy_llama3_llama3_cfg_2_R2
2449,few-shot,nancy,llama3,llama3_cfg_2,R2,"En la segunda etapa de programación, se definen los objetivos y se fijan las metas o resultados esperados, que deben ser lo más específicos y precisos posibles, para tener claridad en lo que se trata de alcanzar con las inversiones por realizar; por ejemplo, los tipos de inversión y los montos que se pretenden lograr en un tiempo definido y otros que pueden describirse en términos de logro o resultados que se desean alcanzar.","En la segunda etapa de programación, se definen los objetivos y se fijan las metas específicas.","En la segunda etapa, se definen objetivos claros y precisos para saber qué se busca lograr con las inversiones. Esto puede incluir los tipos de inversión, montos y plazos definidos.",42.28294476832662,0.8089182376861572,0.4081632653061224,0.4054054054054054,0,prompting,few-shot_nancy_llama3_llama3_cfg_2_R2
2550,few-shot,nancy,llama3,llama3_cfg_2,R2,Estas tarjetas acarrean pocos riesgos y te ayudan a crear buenos antecedentes crediticios al mostrar tu capacidad para usar una tarjeta con responsabilidad.,Estas tarjetas traen pocos riesgos y ayudan a crear buen historial crediticio.,Estas tarjetas no suponen un gran riesgo y te permiten construir un buen historial crediticio demostrando que puedes usarla de manera responsable.,41.71147661343739,0.8425769209861755,0.3529411764705882,0.9565217391304348,0,prompting,few-shot_nancy_llama3_llama3_cfg_2_R2
2657,few-shot,nancy,llama3,llama3_cfg_2,R2,"Adicionalmente, el canal móvil (celulares) es de alto potencial para utilizar pagos a través de mensajería de texto SMS permitiendo, desde cualquier lugar donde se tenga acceso al servicio inalámbrico, realizar pagos electrónicos.","Además, los celulares permiten realizar pagos electrónicos desde cualquier lugar con acceso al servicio inalámbrico.",El pago electrónico se puede hacer desde cualquier lugar con conexión inalámbrica a través del canal móvil (celulares) y mensajería de texto SMS.,35.95457780731701,0.813422679901123,0.2553191489361702,0.696969696969697,0,prompting,few-shot_nancy_llama3_llama3_cfg_2_R2
2703,few-shot,nancy,llama3,llama3_cfg_2,R2,"Existen varias modalidades de cheques, como lo mencionan los mismos Alonso, Brailovsky y Ortiz (1999).","Según Alonso, Brailovsky y Ortiz (mil novecientos noventa y nueve) hay varias modalidades de cheques.","Existen varios tipos de cheques, según mencionan Alonso, Brailovsky y Ortiz.",50.79267232719919,0.8122602701187134,0.4285714285714285,0.7333333333333333,0,prompting,few-shot_nancy_llama3_llama3_cfg_2_R2
2732,few-shot,nancy,llama3,llama3_cfg_2,R2,"La mayor ventaja es la flexibilidad que le da al usuario, quien puede pagar sus saldos por completo cada mes o puede pagar en parte.",La mayor ventaja es la flexibilidad para el usuario. Quien puede pagar sus saldos completos o en parte mensualmente.,La mayor ventaja es que el usuario puede elegir cómo paga sus deudas: puede pagar todo cada mes o solo una parte.,43.75569098787067,0.8172060251235962,0.4761904761904761,0.88,0,prompting,few-shot_nancy_llama3_llama3_cfg_2_R2
2947,few-shot,nancy,llama3,llama3_cfg_2,R2,"El dinero que inviertes inicialmente se denomina ""capital"".",El capital es el dinero invertido inicialmente.,El capital es el dinero que inviertes al principio.,53.345959595959606,0.8973148465156555,0.6250000000000001,1.125,0,prompting,few-shot_nancy_llama3_llama3_cfg_2_R2
3320,few-shot,nancy,llama3,llama3_cfg_2,R2,"Existen modelos cuantitativos que permiten determinar de manera técnica el valor de la tasa de descuento como el CAPM1 y el WACC2 (Bell, 2016), los cuales no se incluyen en el presente documento; no obstante, la determinación subjetiva de la tasa de descuento exigida por el accionista puede utilizarse ante la falta de información de los mencionados modelos.","Hay modelos cuantitativos para determinar técnicamente el valor de la tasa de descuento, pero no se incluyen en este documento. Sin embargo, la determinación subjetiva de la tasa de descuento exigida por el accionista se puede utilizar ante la falta de información de esos modelos.","Hay modelos matemáticos que permiten calcular el valor de la tasa de descuento, como CAPM y WACC. Sin embargo, si no hay información sobre estos modelos, se puede utilizar una estimación subjetiva para determinar la tasa de descuento que los accionistas esperan.",50.67473119205778,0.850313663482666,0.3655913978494624,0.7241379310344828,0,prompting,few-shot_nancy_llama3_llama3_cfg_2_R2
3396,few-shot,nancy,llama3,llama3_cfg_2,R2,"Particularmente, se observa que el escenario 3 es el único que presenta una situación que no sea rentable.",El escenario tres es el único que presenta una situación no rentable.,La situación número tres no es rentable.,37.25088936661756,0.8372184038162231,0.3636363636363637,0.3888888888888889,0,prompting,few-shot_nancy_llama3_llama3_cfg_2_R2
3404,few-shot,nancy,llama3,llama3_cfg_2,R2,"Obtenga el rendimiento de un bono de $10,000 que paga el 6.",Saque el rendimiento de un bono de diez mil dólares que paga el seis.,"El rendimiento anual de un bono de $10,000 que paga el 6% es de $600.",31.48666811070904,0.8093894720077515,0.5806451612903225,1.2307692307692308,0,prompting,few-shot_nancy_llama3_llama3_cfg_2_R2
3570,few-shot,nancy,llama3,llama3_cfg_2,R2,"De partida, el tema concierne a todos los individuos y durante toda la vida, pues las finanzas explican la procedencia y uso de los ingresos y recursos que se disponen para satisfacer las necesidades particulares de todas y todos.",El tema interesa a todas las personas. Porque las finanzas explican el origen y uso de los ingresos disponibles para satisfacer las necesidades de todos.,Las finanzas son importantes para todos en diferentes etapas de la vida. Se refiere a cómo se gasta el dinero y se obtienen los recursos para cubrir nuestras necesidades personales.,35.67003005366177,0.7897558808326721,0.25,0.7692307692307693,0,prompting,few-shot_nancy_llama3_llama3_cfg_2_R2
3653,few-shot,nancy,llama3,llama3_cfg_2,R2,¿Qué función cumplen las empresas en la sociedad?,¿Qué función tienen las empresas en la sociedad?,"Las empresas tienen una función importante en la sociedad. Ellas crean empleos, producen bienes y servicios que mejoran la calidad de vida de las personas, y contribuyen al desarrollo económico y social del país.",36.71245421245421,0.7122074365615845,0.2173913043478261,4.25,0,prompting,few-shot_nancy_llama3_llama3_cfg_2_R2
3712,few-shot,nancy,llama3,llama3_cfg_2,R2,Estos principios están diseñados para promover que las firmas de servicios financieros y las organizaciones de consumidores hagan más para educar a los ciudadanos en esta área.,Estos principios están diseñados para promover que las empresas de servicios financieros y las organizaciones de consumidores hagan más para educar a los ciudadanos en esta área.,Estos principios buscan impulsar la educación financiera entre los ciudadanos.,9.790735419327374,0.8215357065200806,0.2439024390243902,0.3703703703703703,0,prompting,few-shot_nancy_llama3_llama3_cfg_2_R2
3776,few-shot,nancy,llama3,llama3_cfg_2,R2,"Hable con ellos, déles la cara, y hágales saber que está haciendo todo lo que puede para pagarles.","Hable con ellos, enfréntelos y comuníqueles que está haciendo lo posible para pagarles.","Hable con ellos, déles la cara y explíqueles que está haciendo todo lo posible por pagarte.",45.743507730620784,0.858924150466919,0.606060606060606,0.8888888888888888,0,prompting,few-shot_nancy_llama3_llama3_cfg_2_R2
3819,few-shot,nancy,llama3,llama3_cfg_2,R2,Pero ¿en qué se compite?,Pero ¿en qué se compite?,"En realidad no hay dinero que perder, sino ganar.",0.0,0.6814318299293518,0.1428571428571428,1.8,0,prompting,few-shot_nancy_llama3_llama3_cfg_2_R2
4006,few-shot,nancy,llama3,llama3_cfg_2,R2,"Por otra parte, algunas personas sostienen que un impuesto de 10 por ciento impondría el mismo sacrificio a ambas familias.","Por otra parte, algunas personas sostienen que un impuesto de diez por ciento impondría el mismo sacrificio a ambas familias.",Algunas personas creen que un impuesto del 10% causaría el mismo esfuerzo para ambas familias.,18.203006717561163,0.8716453313827515,0.5405405405405405,0.75,0,prompting,few-shot_nancy_llama3_llama3_cfg_2_R2
4276,few-shot,nancy,llama3,llama3_cfg_2,R2,"Al principio, como ya vimos en el trueque, adoptó la forma de mercancía, pero con el tiempo se transformó en dinero-papel, cuentas corrientes y otras formas.","Al principio, tuvo la forma de mercancía, pero luego se transformó en dinero-papel, cuentas corrientes y otras formas.","La moneda evolucionó desde ser una mercancía hasta convertirse en billetes, cheques y otros medios de pago.",26.57595706045318,0.777442216873169,0.2631578947368421,0.6296296296296297,0,prompting,few-shot_nancy_llama3_llama3_cfg_2_R2
4284,few-shot,nancy,llama3,llama3_cfg_2,R2,"¿Son estos sólo sueños, o son metas reales?",¿Estos son sólo sueños o son metas reales?,¿Son solo fantasías o objetivos reales?,29.93719243719244,0.8633314967155457,0.3529411764705882,0.75,0,prompting,few-shot_nancy_llama3_llama3_cfg_2_R2
4638,few-shot,nancy,llama3,llama3_cfg_2,R2,"En los pueblos donde el principio de la elección se extiende a todo, no hay propiamente hablando carrera pública.",En los pueblos donde el principio de la elección se extiende a todo no existe la carrera pública.,"Cuando todos tienen derecho a elegir, en realidad no hay una ""carrera pública"" real.",20.090057817998996,0.7825301885604858,0.2857142857142857,0.7368421052631579,0,prompting,few-shot_nancy_llama3_llama3_cfg_2_R2
4751,few-shot,nancy,llama3,llama3_cfg_2,R2,"Sin entusiasmo, dijo alguien famoso, nunca se ha podido realizar nada grande.",Sin entusiasmo no se logró nada grande.,Nunca se logra hacer algo grande sin entusiasmo.,41.26489533011272,0.8666584491729736,0.2666666666666666,0.6666666666666666,0,prompting,few-shot_nancy_llama3_llama3_cfg_2_R2
5037,few-shot,nancy,llama3,llama3_cfg_2,R2,"Por tanto, este método calcula interés sobre interés.","Por eso, este método calcula interés sobre interés.",Este método también incluye el cálculo del interés sobre el interés.,26.203703703703702,0.8354153037071228,0.5925925925925926,1.375,0,prompting,few-shot_nancy_llama3_llama3_cfg_2_R2
5112,few-shot,nancy,llama3,llama3_cfg_2,R2,"El resultado es aproximado a $300,000 en seis años.",El resultado es aproximadamente trescientos mil dólares en seis años.,"El resultado sería de alrededor de 300,000 dólares después de seis años.",46.099409849409845,0.8832859396934509,0.4827586206896552,1.3,0,prompting,few-shot_nancy_llama3_llama3_cfg_2_R2
5187,few-shot,nancy,llama3,llama3_cfg_2,R2,Documente todos sus gastos e ingresos o compárelos con lo que usted planificó que iba a gastar en el mes.,Documente todos sus gastos e ingresos y compárelos con lo que usted planificó que iba a gastar en el mes.,Anota todo tus gastos y ingresos para compararlos con tu plan de gasto del mes.,13.470139251873,0.7821940779685974,0.2222222222222222,0.75,0,prompting,few-shot_nancy_llama3_llama3_cfg_2_R2
550,zero-shot,hariel,llama3,hariel_llama3_cfg_1,R0,"No tiene incentivos ni motivación, dos elementos esenciales en ambientes de competencia.",No tiene sentido ni motivación. Estos elementos son esenciales para la competencia.,"No tiene motivos ni ganas, dos cosas importantes en un lugar competitivo.",35.43345543345543,0.7703109383583069,0.24,1.0,0,prompting,zero-shot_hariel_llama3_hariel_llama3_cfg_1_R0
571,zero-shot,hariel,llama3,hariel_llama3_cfg_1,R0,"En los procesos de importaciones y exportaciones intervienen, además de clientes y proveedores, instituciones del Estado y los bancos, tal como se indica en el siguiente recuadro:",Clientes y proveedores intervienen en las importancias y exportaciones. También lo hacen las instituciones estatales y los banco como se indica a continuación:,"Involucran instituciones del Estado y bancos, además de clientes y proveedores, en las operaciones de importación y exportación.",35.90200273770254,0.7503994107246399,0.3478260869565217,0.6666666666666666,0,prompting,zero-shot_hariel_llama3_hariel_llama3_cfg_1_R0
885,zero-shot,hariel,llama3,hariel_llama3_cfg_1,R0,"El robo de identidad ocurre cuando su información personal, tal como su nombre, número de cuenta, o número de cédula de identidad se usan sin su conocimiento para cometer un fraude o robo.","El robo de identidad ocurre cuando su información personal como su nombre, número de cuenta, o número de cédula de identidad se usan sin su conocimiento para cometer un fraude o robo.","El robo de identidad es cuando alguien usa su información personal, como su nombre y número de identificación, sin su permiso para hacer trucos malos.",17.83053787546036,0.8358150124549866,0.5937499999999999,0.7575757575757576,0,prompting,zero-shot_hariel_llama3_hariel_llama3_cfg_1_R0
1193,zero-shot,hariel,llama3,hariel_llama3_cfg_1,R0,"Los sueños de los niños tienen una gran variedad que va desde Tarzán hasta el Agente 007, pasando por Superman.",Los sueños de los niños son variados y van desde Tarzán hasta el Agente 007 y Superman.,"Los niños soñan con muchas cosas, como ser Tarzán, un agente secreto o Superman.",33.08080808080808,0.8057385683059692,0.3783783783783783,0.7,0,prompting,zero-shot_hariel_llama3_hariel_llama3_cfg_1_R0
1391,zero-shot,hariel,llama3,hariel_llama3_cfg_1,R0,Expresiones como soborno y cohecho se refieren a ilícitos vinculados a la compra de la voluntad de un individuo para provecho personal.,Expresiones como soborno y cohecho se refieren a delitos vinculados a comprar la voluntad de alguien para provecho personal.,Corrupción y soborno son tipos de delitos que involucran comprar la lealtad de alguien para beneficio propio.,32.12861457218359,0.844789445400238,0.3783783783783783,0.7727272727272727,0,prompting,zero-shot_hariel_llama3_hariel_llama3_cfg_1_R0
1399,zero-shot,hariel,llama3,hariel_llama3_cfg_1,R0,"DIRECCIÓN DE PRESUPUESTO (DIPRES): ""formula y lleva el control presupuestario de la nación.""",DIRECCIÓN DE PRESUPUESTO: formula y lleva el control presupuestario de la nación.,La Dirección de Presupuesto (DIPRES) es responsable de crear y controlar el presupuesto nacional.,23.10986235986236,0.7211141586303711,0.4137931034482759,1.0769230769230769,0,prompting,zero-shot_hariel_llama3_hariel_llama3_cfg_1_R0
1636,zero-shot,hariel,llama3,hariel_llama3_cfg_1,R0,"Interés compuesto: Es la suma del capital y el interés acumulado, que se va multiplicando según los plazos convenidos. La tasa de interés es el porcentaje que se aplica a un préstamo o inversión realizada.",El interés compuesto es la suma del capital y el interés acumulado. La tasa de interés es el porcentaje aplicado a un préstamo o inversión realizada.,Interés compuesto: Es el capital inicial más el interés que se acumula y crece según el plazo de pago. La tasa de interés es el porcentaje que se aplica a un préstamo o inversión.,39.07975281353743,0.8718686699867249,0.638888888888889,0.9714285714285714,0,prompting,zero-shot_hariel_llama3_hariel_llama3_cfg_1_R0
1740,zero-shot,hariel,llama3,hariel_llama3_cfg_1,R0,La producción en un país se realiza mediante lo que se conoce como factores de producción y de los cuales nos ocuparemos en detalle más adelante.,A través de los factores de producción se realiza la producción en un país. Más adelante nos ocuparemos en detalle de estos factores.,La producción en un país se hace con ayuda de ciertas cosas llamadas factores de producción.,50.74045837203733,0.7991281151771545,0.3829787234042553,0.6153846153846154,0,prompting,zero-shot_hariel_llama3_hariel_llama3_cfg_1_R0
1742,zero-shot,hariel,llama3,hariel_llama3_cfg_1,R0,"A pesar de que algunos critican al intermediario, se necesita a este individuo en la economía.","Aunque algunas personas critican al intermediario, este individuo es necesario en la economía.","Aunque algunos critican al intermediario, es importante en la economía.",62.73490133403984,0.9135756492614746,0.7200000000000001,0.625,0,prompting,zero-shot_hariel_llama3_hariel_llama3_cfg_1_R0
1790,zero-shot,hariel,llama3,hariel_llama3_cfg_1,R0,El impuesto a los réditos es también un buen instrumento para conocer el monto de las rentas y de la riqueza nacional.,El impuesto a las utilidades también es un buen método para conocer el monto de las rentas y de la riqueza nacional.,El impuesto a los réditos ayuda a saber cuánto se gana y cuánta riqueza hay en un país.,20.285103488192345,0.773234486579895,0.217391304347826,0.8181818181818182,0,prompting,zero-shot_hariel_llama3_hariel_llama3_cfg_1_R0
1920,zero-shot,hariel,llama3,hariel_llama3_cfg_1,R0,"También es de mucha ayuda separar las metas en tres períodos de tiempo para los propósitos de planeamiento, y aun cuando esto ya se trató en el capítulo anterior, se reitera tan importante aspecto, centrados en el tema del presente y con la intención de reforzar el manejo del mismo:","También ayuda separar las metas en tres períodos de tiempo para cumplir con los propósitos planteados. Aunque este aspecto ya se trató en el capítulo anterior, reiteramos su importancia:",Divide tus metas en tres periodos de tiempo para planificar mejor.,37.670017890606125,0.7276546359062195,0.2727272727272727,0.22,0,prompting,zero-shot_hariel_llama3_hariel_llama3_cfg_1_R0
2027,zero-shot,hariel,llama3,hariel_llama3_cfg_1,R0,Seguridad financiera: Consiste en cumplir con las necesidades que se presentan en el futuro de las personas y al mismo tiempo cumplir con las obligaciones diarias.,"Seguridad financiera, consiste en cumplir con las necesidades económicas que se presentan en el futuro de las personas y también cumplir con las obligaciones financieras diarias.",Seguridad financiera: Es tener suficiente dinero para cubrir tus necesidades actuales y futuras.,19.96771996771997,0.7698983550071716,0.1951219512195122,0.5,0,prompting,zero-shot_hariel_llama3_hariel_llama3_cfg_1_R0
2065,zero-shot,hariel,llama3,hariel_llama3_cfg_1,R0,"La última, pero no menos importante razón, puede ser encontrar un fascinante campo de acción intelectual para comprender el mundo real.",La última es encontrar un campo de acción intelectual para comprender el mundo real.,Encontrar un tema interesante que te ayude a entender el mundo.,31.905948121919085,0.7819425463676453,0.3076923076923076,0.5238095238095238,0,prompting,zero-shot_hariel_llama3_hariel_llama3_cfg_1_R0
2365,zero-shot,hariel,llama3,hariel_llama3_cfg_1,R0,"Si el entusiasmo, y esto no es idealismo ramplón, se orienta hacia la salud, la belleza, el éxito, la felicidad, lo más probable es que se obtenga la salud, la belleza, el éxito y la felicidad.","Si el entusiasmo se dirige hacia la salud, la belleza, el éxito, la felicidad es probable que los consigamos.","Si se enfoca el entusiasmo en la salud, la belleza, el éxito y la felicidad, es probable que se alcance esos objetivos.",55.16178709744872,0.8782752156257629,0.6829268292682926,0.6111111111111112,0,prompting,zero-shot_hariel_llama3_hariel_llama3_cfg_1_R0
2449,zero-shot,hariel,llama3,hariel_llama3_cfg_1,R0,"En la segunda etapa de programación, se definen los objetivos y se fijan las metas o resultados esperados, que deben ser lo más específicos y precisos posibles, para tener claridad en lo que se trata de alcanzar con las inversiones por realizar; por ejemplo, los tipos de inversión y los montos que se pretenden lograr en un tiempo definido y otros que pueden describirse en términos de logro o resultados que se desean alcanzar.","En la segunda etapa de programación, se definen los objetivos y se fijan las metas específicas.","En la segunda etapa, se establecen objetivos claros y específicos para saber qué se quiere lograr con las inversiones. Por ejemplo, se define qué tipo de inversión se va a hacer y cuánto se pretende lograr en un tiempo determinado.",38.53453217243512,0.7701020836830139,0.2950819672131147,0.5405405405405406,0,prompting,zero-shot_hariel_llama3_hariel_llama3_cfg_1_R0
2550,zero-shot,hariel,llama3,hariel_llama3_cfg_1,R0,Estas tarjetas acarrean pocos riesgos y te ayudan a crear buenos antecedentes crediticios al mostrar tu capacidad para usar una tarjeta con responsabilidad.,Estas tarjetas traen pocos riesgos y ayudan a crear buen historial crediticio.,Estas tarjetas tienen poco peligro y te ayudan a construir un buen historial crediticio demostrando que puedes usar una tarjeta de manera responsable.,41.43890999984134,0.8629228472709656,0.4571428571428571,1.0,0,prompting,zero-shot_hariel_llama3_hariel_llama3_cfg_1_R0
2657,zero-shot,hariel,llama3,hariel_llama3_cfg_1,R0,"Adicionalmente, el canal móvil (celulares) es de alto potencial para utilizar pagos a través de mensajería de texto SMS permitiendo, desde cualquier lugar donde se tenga acceso al servicio inalámbrico, realizar pagos electrónicos.","Además, los celulares permiten realizar pagos electrónicos desde cualquier lugar con acceso al servicio inalámbrico.",Puedes pagar con tu móvil desde cualquier lugar con conexión a internet.,45.28603782788161,0.7834451198577881,0.25,0.3636363636363636,0,prompting,zero-shot_hariel_llama3_hariel_llama3_cfg_1_R0
2703,zero-shot,hariel,llama3,hariel_llama3_cfg_1,R0,"Existen varias modalidades de cheques, como lo mencionan los mismos Alonso, Brailovsky y Ortiz (1999).","Según Alonso, Brailovsky y Ortiz (mil novecientos noventa y nueve) hay varias modalidades de cheques.",Existen diferentes tipos de cheques.,32.350278233898926,0.7003790140151978,0.1904761904761904,0.3333333333333333,0,prompting,zero-shot_hariel_llama3_hariel_llama3_cfg_1_R0
2732,zero-shot,hariel,llama3,hariel_llama3_cfg_1,R0,"La mayor ventaja es la flexibilidad que le da al usuario, quien puede pagar sus saldos por completo cada mes o puede pagar en parte.",La mayor ventaja es la flexibilidad para el usuario. Quien puede pagar sus saldos completos o en parte mensualmente.,Puedes pagar tus saldos completamente cada mes o pagarlos parcialmente.,27.66150919493943,0.7452418804168701,0.2068965517241379,0.4,0,prompting,zero-shot_hariel_llama3_hariel_llama3_cfg_1_R0
2947,zero-shot,hariel,llama3,hariel_llama3_cfg_1,R0,"El dinero que inviertes inicialmente se denomina ""capital"".",El capital es el dinero invertido inicialmente.,"El dinero que pones al principio se llama ""capital"".",32.006512006512004,0.7941129803657532,0.25,1.125,0,prompting,zero-shot_hariel_llama3_hariel_llama3_cfg_1_R0
3320,zero-shot,hariel,llama3,hariel_llama3_cfg_1,R0,"Existen modelos cuantitativos que permiten determinar de manera técnica el valor de la tasa de descuento como el CAPM1 y el WACC2 (Bell, 2016), los cuales no se incluyen en el presente documento; no obstante, la determinación subjetiva de la tasa de descuento exigida por el accionista puede utilizarse ante la falta de información de los mencionados modelos.","Hay modelos cuantitativos para determinar técnicamente el valor de la tasa de descuento, pero no se incluyen en este documento. Sin embargo, la determinación subjetiva de la tasa de descuento exigida por el accionista se puede utilizar ante la falta de información de esos modelos.","Existen métodos que permiten calcular el valor de la tasa de descuento, como CAPM y WACC. Sin embargo, si no se tienen esos datos, se puede utilizar una estimación subjetiva de la tasa de descuento que los accionistas requieren.",52.15205502194143,0.8445338010787964,0.3595505617977527,0.6724137931034483,0,prompting,zero-shot_hariel_llama3_hariel_llama3_cfg_1_R0
3396,zero-shot,hariel,llama3,hariel_llama3_cfg_1,R0,"Particularmente, se observa que el escenario 3 es el único que presenta una situación que no sea rentable.",El escenario tres es el único que presenta una situación no rentable.,El escenario 3 es el único que no es rentable.,42.80578218078218,0.9213137626647948,0.6956521739130435,0.5555555555555556,0,prompting,zero-shot_hariel_llama3_hariel_llama3_cfg_1_R0
3404,zero-shot,hariel,llama3,hariel_llama3_cfg_1,R0,"Obtenga el rendimiento de un bono de $10,000 que paga el 6.",Saque el rendimiento de un bono de diez mil dólares que paga el seis.,"Recibe $600 al año por un inversion de $10,000.",22.392103940091555,0.7464262843132019,0.1538461538461538,0.7692307692307693,0,prompting,zero-shot_hariel_llama3_hariel_llama3_cfg_1_R0
3570,zero-shot,hariel,llama3,hariel_llama3_cfg_1,R0,"De partida, el tema concierne a todos los individuos y durante toda la vida, pues las finanzas explican la procedencia y uso de los ingresos y recursos que se disponen para satisfacer las necesidades particulares de todas y todos.",El tema interesa a todas las personas. Porque las finanzas explican el origen y uso de los ingresos disponibles para satisfacer las necesidades de todos.,"Las finanzas son importantes para todos desde el principio de la vida, porque nos ayudan a entender cómo ganamos y gastamos dinero para satisfacer nuestras necesidades personales.",37.69033917734792,0.7961642742156982,0.2641509433962264,0.6923076923076923,0,prompting,zero-shot_hariel_llama3_hariel_llama3_cfg_1_R0
3653,zero-shot,hariel,llama3,hariel_llama3_cfg_1,R0,¿Qué función cumplen las empresas en la sociedad?,¿Qué función tienen las empresas en la sociedad?,"Las empresas son fundamentales para la sociedad porque crean empleos, producen bienes y servicios que mejoran nuestras vidas, y contribuyen al crecimiento económico.",27.222222222222214,0.7081155776977539,0.2424242424242424,2.875,0,prompting,zero-shot_hariel_llama3_hariel_llama3_cfg_1_R0
3712,zero-shot,hariel,llama3,hariel_llama3_cfg_1,R0,Estos principios están diseñados para promover que las firmas de servicios financieros y las organizaciones de consumidores hagan más para educar a los ciudadanos en esta área.,Estos principios están diseñados para promover que las empresas de servicios financieros y las organizaciones de consumidores hagan más para educar a los ciudadanos en esta área.,Estos principios buscan que las empresas financieras y los grupos de consumidores trabajen juntos para enseñar a las personas sobre temas financieros.,16.55233416009278,0.8741267919540405,0.3773584905660377,0.8148148148148148,0,prompting,zero-shot_hariel_llama3_hariel_llama3_cfg_1_R0
3776,zero-shot,hariel,llama3,hariel_llama3_cfg_1,R0,"Hable con ellos, déles la cara, y hágales saber que está haciendo todo lo que puede para pagarles.","Hable con ellos, enfréntelos y comuníqueles que está haciendo lo posible para pagarles.",Hable con ellos y explíqueles que está haciendo todo lo posible para pagarles.,59.50998490653662,0.9060102701187134,0.8275862068965518,0.7222222222222222,0,prompting,zero-shot_hariel_llama3_hariel_llama3_cfg_1_R0
3819,zero-shot,hariel,llama3,hariel_llama3_cfg_1,R0,Pero ¿en qué se compite?,Pero ¿en qué se compite?,¿Qué es lo que se compite?,13.65079365079365,0.8572651147842407,0.5454545454545454,1.2,0,prompting,zero-shot_hariel_llama3_hariel_llama3_cfg_1_R0
4006,zero-shot,hariel,llama3,hariel_llama3_cfg_1,R0,"Por otra parte, algunas personas sostienen que un impuesto de 10 por ciento impondría el mismo sacrificio a ambas familias.","Por otra parte, algunas personas sostienen que un impuesto de diez por ciento impondría el mismo sacrificio a ambas familias.",Un impuesto del 10% sería igualmente duro para todas las familias.,10.81116950682168,0.7662326693534851,0.2424242424242424,0.55,0,prompting,zero-shot_hariel_llama3_hariel_llama3_cfg_1_R0
4276,zero-shot,hariel,llama3,hariel_llama3_cfg_1,R0,"Al principio, como ya vimos en el trueque, adoptó la forma de mercancía, pero con el tiempo se transformó en dinero-papel, cuentas corrientes y otras formas.","Al principio, tuvo la forma de mercancía, pero luego se transformó en dinero-papel, cuentas corrientes y otras formas.","Comenzó como un objeto valioso, pero luego se convirtió en papel moneda, cheques y otros medios de pago.",32.325087289854906,0.809467077255249,0.3157894736842105,0.6666666666666666,0,prompting,zero-shot_hariel_llama3_hariel_llama3_cfg_1_R0
4284,zero-shot,hariel,llama3,hariel_llama3_cfg_1,R0,"¿Son estos sólo sueños, o son metas reales?",¿Estos son sólo sueños o son metas reales?,¿Son solo fantasías o objetivos verdaderos?,25.149572649572647,0.8607913255691528,0.2352941176470588,0.75,0,prompting,zero-shot_hariel_llama3_hariel_llama3_cfg_1_R0
4638,zero-shot,hariel,llama3,hariel_llama3_cfg_1,R0,"En los pueblos donde el principio de la elección se extiende a todo, no hay propiamente hablando carrera pública.",En los pueblos donde el principio de la elección se extiende a todo no existe la carrera pública.,No hay carrera pública en los pueblos donde cualquier persona puede elegir.,29.820779366832,0.8368555307388306,0.2424242424242424,0.631578947368421,0,prompting,zero-shot_hariel_llama3_hariel_llama3_cfg_1_R0
4751,zero-shot,hariel,llama3,hariel_llama3_cfg_1,R0,"Sin entusiasmo, dijo alguien famoso, nunca se ha podido realizar nada grande.",Sin entusiasmo no se logró nada grande.,Nada grande se ha logrado sin entusiasmo.,45.00009141185612,0.8622247576713562,0.2857142857142857,0.5833333333333334,0,prompting,zero-shot_hariel_llama3_hariel_llama3_cfg_1_R0
5037,zero-shot,hariel,llama3,hariel_llama3_cfg_1,R0,"Por tanto, este método calcula interés sobre interés.","Por eso, este método calcula interés sobre interés.",Este método calcula intereses acumulados.,24.704924704924707,0.857607901096344,0.4705882352941177,0.625,0,prompting,zero-shot_hariel_llama3_hariel_llama3_cfg_1_R0
5112,zero-shot,hariel,llama3,hariel_llama3_cfg_1,R0,"El resultado es aproximado a $300,000 en seis años.",El resultado es aproximadamente trescientos mil dólares en seis años.,"El resultado es de aproximadamente 300,000 dólares en seis años.",73.92857142857143,0.9361516237258912,0.8,1.1,0,prompting,zero-shot_hariel_llama3_hariel_llama3_cfg_1_R0
5187,zero-shot,hariel,llama3,hariel_llama3_cfg_1,R0,Documente todos sus gastos e ingresos o compárelos con lo que usted planificó que iba a gastar en el mes.,Documente todos sus gastos e ingresos y compárelos con lo que usted planificó que iba a gastar en el mes.,Cuenta todos tus gastos y comparalos con lo que planeaste gastar este mes.,18.860319247316152,0.7934213876724243,0.4705882352941176,0.65,0,prompting,zero-shot_hariel_llama3_hariel_llama3_cfg_1_R0
550,zero-shot,nancy,mistral,nancy_mistral_cfg_2,R4,"No tiene incentivos ni motivación, dos elementos esenciales en ambientes de competencia.",No tiene sentido ni motivación. Estos elementos son esenciales para la competencia.,"No tiene incentivos ni motivation, que son necesarios en entornos competitivos.

Simplified version: He doesn't have incentives or motivation, which are essential in competitive environments.",33.91397491397492,0.7160065770149231,0.2051282051282051,2.1666666666666665,0,prompting,zero-shot_nancy_mistral_nancy_mistral_cfg_2_R4
571,zero-shot,nancy,mistral,nancy_mistral_cfg_2,R4,"En los procesos de importaciones y exportaciones intervienen, además de clientes y proveedores, instituciones del Estado y los bancos, tal como se indica en el siguiente recuadro:",Clientes y proveedores intervienen en las importancias y exportaciones. También lo hacen las instituciones estatales y los banco como se indica a continuación:,"En importaciones y exportaciones intervenen además de clientes y proveedores, instituciones gubernamentales y bancos (detallado a continuación):

(Diagrama o lista aquí)

Simplified version: In imports and exports, besides clients and suppliers, there are also government institutions and banks involved as shown below:

(Include diagram or list here)",38.76229119439697,0.7214029431343079,0.2162162162162161,1.7407407407407407,0,prompting,zero-shot_nancy_mistral_nancy_mistral_cfg_2_R4
885,zero-shot,nancy,mistral,nancy_mistral_cfg_2,R4,"El robo de identidad ocurre cuando su información personal, tal como su nombre, número de cuenta, o número de cédula de identidad se usan sin su conocimiento para cometer un fraude o robo.","El robo de identidad ocurre cuando su información personal como su nombre, número de cuenta, o número de cédula de identidad se usan sin su conocimiento para cometer un fraude o robo.","Robo de identidad: se utiliza tu información personal (nombre, números de cuenta o de la cédula) sin tu consentimiento, para cometer fraudes o hurtos.",16.022089711782694,0.8245556354522705,0.5714285714285715,0.7272727272727273,0,prompting,zero-shot_nancy_mistral_nancy_mistral_cfg_2_R4
1193,zero-shot,nancy,mistral,nancy_mistral_cfg_2,R4,"Los sueños de los niños tienen una gran variedad que va desde Tarzán hasta el Agente 007, pasando por Superman.",Los sueños de los niños son variados y van desde Tarzán hasta el Agente 007 y Superman.,"Los sueños de niños abarcan muchas cosas, desde Tarzan hasta Agent 007, y hasta Superman.",39.986295407491056,0.8475984334945679,0.5945945945945946,0.75,0,prompting,zero-shot_nancy_mistral_nancy_mistral_cfg_2_R4
1391,zero-shot,nancy,mistral,nancy_mistral_cfg_2,R4,Expresiones como soborno y cohecho se refieren a ilícitos vinculados a la compra de la voluntad de un individuo para provecho personal.,Expresiones como soborno y cohecho se refieren a delitos vinculados a comprar la voluntad de alguien para provecho personal.,"Expresiones ""soborno"" y ""cohecho"" se referen a actos ilegales relacionados con la compra de alguien para obtener beneficio personal.",32.25054068930844,0.8971664309501648,0.5789473684210527,0.8636363636363636,0,prompting,zero-shot_nancy_mistral_nancy_mistral_cfg_2_R4
1399,zero-shot,nancy,mistral,nancy_mistral_cfg_2,R4,"DIRECCIÓN DE PRESUPUESTO (DIPRES): ""formula y lleva el control presupuestario de la nación.""",DIRECCIÓN DE PRESUPUESTO: formula y lleva el control presupuestario de la nación.,DIPRES es quien diseña y administra el presupuesto nacional.,23.017543859649123,0.7663828730583191,0.1666666666666666,0.6923076923076923,0,prompting,zero-shot_nancy_mistral_nancy_mistral_cfg_2_R4
1636,zero-shot,nancy,mistral,nancy_mistral_cfg_2,R4,"Interés compuesto: Es la suma del capital y el interés acumulado, que se va multiplicando según los plazos convenidos. La tasa de interés es el porcentaje que se aplica a un préstamo o inversión realizada.",El interés compuesto es la suma del capital y el interés acumulado. La tasa de interés es el porcentaje aplicado a un préstamo o inversión realizada.,"Interés compuesto: Es la suma de capital y intereses acumulados, que aumentan según los plazos acordados. La tasa de interés es el porcentaje aplicado a un préstamo o inversión.

[Translation: Compound interest: It's the sum of capital and accumulated interest that grows according to agreed-upon terms. The rate of interest is the percentage applied to a loan or investment.]

Simplified version: [Compound interest is the total of your initial investment plus the added interest, which increases based on prearranged periods. The rate of interest is the percentage used for loans or investments.]",46.80091541349708,0.7553671598434448,0.3692307692307692,2.685714285714285,0,prompting,zero-shot_nancy_mistral_nancy_mistral_cfg_2_R4
1740,zero-shot,nancy,mistral,nancy_mistral_cfg_2,R4,La producción en un país se realiza mediante lo que se conoce como factores de producción y de los cuales nos ocuparemos en detalle más adelante.,A través de los factores de producción se realiza la producción en un país. Más adelante nos ocuparemos en detalle de estos factores.,"Producción en un país se hace usando factores, que más tarde detallaremos.",40.49865095986764,0.79495769739151,0.3720930232558139,0.4615384615384615,0,prompting,zero-shot_nancy_mistral_nancy_mistral_cfg_2_R4
1742,zero-shot,nancy,mistral,nancy_mistral_cfg_2,R4,"A pesar de que algunos critican al intermediario, se necesita a este individuo en la economía.","Aunque algunas personas critican al intermediario, este individuo es necesario en la economía.","Algunas personas criticaban al intermediario, pero era necesario para la economía.

Simplified version: Some people criticized the intermediary, but he was necessary for the economy.",49.65351828123567,0.7607536911964417,0.4,1.5625,0,prompting,zero-shot_nancy_mistral_nancy_mistral_cfg_2_R4
1790,zero-shot,nancy,mistral,nancy_mistral_cfg_2,R4,El impuesto a los réditos es también un buen instrumento para conocer el monto de las rentas y de la riqueza nacional.,El impuesto a las utilidades también es un buen método para conocer el monto de las rentas y de la riqueza nacional.,"El impuesto sobre rendimientos es útil para saber cuánto gana la nación.

(",22.11004273504273,0.7881061434745789,0.2631578947368421,0.5454545454545454,0,prompting,zero-shot_nancy_mistral_nancy_mistral_cfg_2_R4
1920,zero-shot,nancy,mistral,nancy_mistral_cfg_2,R4,"También es de mucha ayuda separar las metas en tres períodos de tiempo para los propósitos de planeamiento, y aun cuando esto ya se trató en el capítulo anterior, se reitera tan importante aspecto, centrados en el tema del presente y con la intención de reforzar el manejo del mismo:","También ayuda separar las metas en tres períodos de tiempo para cumplir con los propósitos planteados. Aunque este aspecto ya se trató en el capítulo anterior, reiteramos su importancia:","It's helpful to divide goals into three time periods for planning purposes. Although this was discussed earlier, it's worth repeating: focus on the present and manage it effectively.

[Translation: Es útil dividir los objetivos en tres períodos de tiempo para las intenciones de planeamiento. Aunque esto se trató anteriormente, vale la pena repetirlo: centrarse en el presente y gestionarlo eficazmente.]",45.30541456684092,0.6422539353370667,0.25,1.24,0,prompting,zero-shot_nancy_mistral_nancy_mistral_cfg_2_R4
2027,zero-shot,nancy,mistral,nancy_mistral_cfg_2,R4,Seguridad financiera: Consiste en cumplir con las necesidades que se presentan en el futuro de las personas y al mismo tiempo cumplir con las obligaciones diarias.,"Seguridad financiera, consiste en cumplir con las necesidades económicas que se presentan en el futuro de las personas y también cumplir con las obligaciones financieras diarias.","Seguridad financeira: Consiste en satisfacer las necesidades futuras personas, al mismo tiempo que cumplir con nuestros deberes diarios.

Translation: Financial security consists in meeting future needs while fulfilling our daily obligations.",20.566508187651564,0.7420088052749634,0.2711864406779661,1.1923076923076923,0,prompting,zero-shot_nancy_mistral_nancy_mistral_cfg_2_R4
2065,zero-shot,nancy,mistral,nancy_mistral_cfg_2,R4,"La última, pero no menos importante razón, puede ser encontrar un fascinante campo de acción intelectual para comprender el mundo real.",La última es encontrar un campo de acción intelectual para comprender el mundo real.,"Última razón importantes: encontrar interesante campo mental para entender el mundo real.

[Translation: Last but not least reason: find an interesting intellectual field to understand the real world.]",40.76068688344903,0.6448171734809875,0.3181818181818182,1.3333333333333333,0,prompting,zero-shot_nancy_mistral_nancy_mistral_cfg_2_R4
2365,zero-shot,nancy,mistral,nancy_mistral_cfg_2,R4,"Si el entusiasmo, y esto no es idealismo ramplón, se orienta hacia la salud, la belleza, el éxito, la felicidad, lo más probable es que se obtenga la salud, la belleza, el éxito y la felicidad.","Si el entusiasmo se dirige hacia la salud, la belleza, el éxito, la felicidad es probable que los consigamos.","Si el entusiasmo apunta hacia la salud, la belleza, el éxito y la felicidad, es probable que se obtengan estos beneficios.",59.32229028805305,0.8983355164527893,0.7500000000000001,0.5833333333333334,0,prompting,zero-shot_nancy_mistral_nancy_mistral_cfg_2_R4
2449,zero-shot,nancy,mistral,nancy_mistral_cfg_2,R4,"En la segunda etapa de programación, se definen los objetivos y se fijan las metas o resultados esperados, que deben ser lo más específicos y precisos posibles, para tener claridad en lo que se trata de alcanzar con las inversiones por realizar; por ejemplo, los tipos de inversión y los montos que se pretenden lograr en un tiempo definido y otros que pueden describirse en términos de logro o resultados que se desean alcanzar.","En la segunda etapa de programación, se definen los objetivos y se fijan las metas específicas.","En la segunda fase de programación, se determina lo que se quiere lograr y se establecen los objetivos claros y concretos. Por ejemplo, tipos de inversiones y cantidades deseadas en un plazo específico.

(",42.21746570563678,0.8217247724533081,0.4150943396226415,0.4459459459459459,0,prompting,zero-shot_nancy_mistral_nancy_mistral_cfg_2_R4
2550,zero-shot,nancy,mistral,nancy_mistral_cfg_2,R4,Estas tarjetas acarrean pocos riesgos y te ayudan a crear buenos antecedentes crediticios al mostrar tu capacidad para usar una tarjeta con responsabilidad.,Estas tarjetas traen pocos riesgos y ayudan a crear buen historial crediticio.,"Estas tarjetas tienen poca risks y te ayudan a crear buenas referencias crédito mostrando que puedes usar una tarjeta con responsabilidad.

(Translation: These cards have little risk and help you create good credit references by showing that you can use a card responsibly.)",36.04529862594379,0.6860885620117188,0.2142857142857142,1.8695652173913044,0,prompting,zero-shot_nancy_mistral_nancy_mistral_cfg_2_R4
2657,zero-shot,nancy,mistral,nancy_mistral_cfg_2,R4,"Adicionalmente, el canal móvil (celulares) es de alto potencial para utilizar pagos a través de mensajería de texto SMS permitiendo, desde cualquier lugar donde se tenga acceso al servicio inalámbrico, realizar pagos electrónicos.","Además, los celulares permiten realizar pagos electrónicos desde cualquier lugar con acceso al servicio inalámbrico.","Además, los móviles celulares pueden usar pagos a través de SMS text messages, permitiendo realizar transacciones electrónicas desde cualquier lugar con acceso al servicio inalámbrico.

(Additionally, mobile phones can use payments through SMS text messages, allowing electronic transactions from any location with wireless service access.)",58.983575402985686,0.8011544942855835,0.4411764705882353,1.3636363636363635,0,prompting,zero-shot_nancy_mistral_nancy_mistral_cfg_2_R4
2703,zero-shot,nancy,mistral,nancy_mistral_cfg_2,R4,"Existen varias modalidades de cheques, como lo mencionan los mismos Alonso, Brailovsky y Ortiz (1999).","Según Alonso, Brailovsky y Ortiz (mil novecientos noventa y nueve) hay varias modalidades de cheques.","Hay diferentes tipos de cheques según lo indicado por Alonso, Brailovsky y Ortiz en 1999.",54.18046768046768,0.7922900915145874,0.375,1.0,0,prompting,zero-shot_nancy_mistral_nancy_mistral_cfg_2_R4
2732,zero-shot,nancy,mistral,nancy_mistral_cfg_2,R4,"La mayor ventaja es la flexibilidad que le da al usuario, quien puede pagar sus saldos por completo cada mes o puede pagar en parte.",La mayor ventaja es la flexibilidad para el usuario. Quien puede pagar sus saldos completos o en parte mensualmente.,El usuario puede pagar todo en un solo pago cada mes o hacer parciales. (The user can pay in full every month or make partial payments.),31.67162639255663,0.6674665808677673,0.2222222222222222,1.04,0,prompting,zero-shot_nancy_mistral_nancy_mistral_cfg_2_R4
2947,zero-shot,nancy,mistral,nancy_mistral_cfg_2,R4,"El dinero que inviertes inicialmente se denomina ""capital"".",El capital es el dinero invertido inicialmente.,"El dinero que inicialmente inviertes se llama ""capital"". (La parte de tu dinero inicial que inviertes se llamará ""capital"").",29.890109890109887,0.7565109133720398,0.2307692307692307,2.375,0,prompting,zero-shot_nancy_mistral_nancy_mistral_cfg_2_R4
3320,zero-shot,nancy,mistral,nancy_mistral_cfg_2,R4,"Existen modelos cuantitativos que permiten determinar de manera técnica el valor de la tasa de descuento como el CAPM1 y el WACC2 (Bell, 2016), los cuales no se incluyen en el presente documento; no obstante, la determinación subjetiva de la tasa de descuento exigida por el accionista puede utilizarse ante la falta de información de los mencionados modelos.","Hay modelos cuantitativos para determinar técnicamente el valor de la tasa de descuento, pero no se incluyen en este documento. Sin embargo, la determinación subjetiva de la tasa de descuento exigida por el accionista se puede utilizar ante la falta de información de esos modelos.","Hay modelos que calculan la tasa de descuento técnicamente, como CAPM y WACC (Bell, 2016), pero no están aquí en este documento. Sin embargo, se puede determinar subjectivamente la tasa de descuento deseada por el accionista cuando no hay información de esos modelos.

Simplified version:
Some models, like CAPM and WACC (Bell, 2016), can technically determine the discount rate. However, an investor's subjective determination of the required discount rate can be used when there is no information from those models.",44.73860039746501,0.7686328291893005,0.3787878787878788,1.396551724137931,0,prompting,zero-shot_nancy_mistral_nancy_mistral_cfg_2_R4
3396,zero-shot,nancy,mistral,nancy_mistral_cfg_2,R4,"Particularmente, se observa que el escenario 3 es el único que presenta una situación que no sea rentable.",El escenario tres es el único que presenta una situación no rentable.,Solo el escenario tres no es rentable.,44.50487982746048,0.8603964447975159,0.5,0.3888888888888889,0,prompting,zero-shot_nancy_mistral_nancy_mistral_cfg_2_R4
3404,zero-shot,nancy,mistral,nancy_mistral_cfg_2,R4,"Obtenga el rendimiento de un bono de $10,000 que paga el 6.",Saque el rendimiento de un bono de diez mil dólares que paga el seis.,"Gana el rendimiento de un bonos por diez mil dólares que pagan el 6%.

(",53.32910038018397,0.873056173324585,0.6666666666666666,1.0769230769230769,0,prompting,zero-shot_nancy_mistral_nancy_mistral_cfg_2_R4
3570,zero-shot,nancy,mistral,nancy_mistral_cfg_2,R4,"De partida, el tema concierne a todos los individuos y durante toda la vida, pues las finanzas explican la procedencia y uso de los ingresos y recursos que se disponen para satisfacer las necesidades particulares de todas y todos.",El tema interesa a todas las personas. Porque las finanzas explican el origen y uso de los ingresos disponibles para satisfacer las necesidades de todos.,"El tema de las financias afecta a todos por toda la vida, ya que explica donde vienen y cómo se usan los ingresos y recursos para cumplir con nuestras necesidades personales.",33.69276721836203,0.8163580298423767,0.2807017543859649,0.7948717948717948,0,prompting,zero-shot_nancy_mistral_nancy_mistral_cfg_2_R4
3653,zero-shot,nancy,mistral,nancy_mistral_cfg_2,R4,¿Qué función cumplen las empresas en la sociedad?,¿Qué función tienen las empresas en la sociedad?,"¿Qué rol desempeñan las empresas en la sociedad?

Respuesta simplificada: Empresas hacen negocios y crean empleo.",60.909090909090914,0.8303463459014893,0.4615384615384615,2.0,0,prompting,zero-shot_nancy_mistral_nancy_mistral_cfg_2_R4
3712,zero-shot,nancy,mistral,nancy_mistral_cfg_2,R4,Estos principios están diseñados para promover que las firmas de servicios financieros y las organizaciones de consumidores hagan más para educar a los ciudadanos en esta área.,Estos principios están diseñados para promover que las empresas de servicios financieros y las organizaciones de consumidores hagan más para educar a los ciudadanos en esta área.,"Estos principios fomentan que empresas financieras y organizzaciones de consumidores enseñen más a la gente sobre este tema.

(",12.881013197105151,0.835034191608429,0.4,0.6666666666666666,0,prompting,zero-shot_nancy_mistral_nancy_mistral_cfg_2_R4
3776,zero-shot,nancy,mistral,nancy_mistral_cfg_2,R4,"Hable con ellos, déles la cara, y hágales saber que está haciendo todo lo que puede para pagarles.","Hable con ellos, enfréntelos y comuníqueles que está haciendo lo posible para pagarles.",Habla con ellos y déjales saber que trabajas duro por pagarlos.,33.93682921197153,0.7844122052192688,0.2962962962962963,0.6111111111111112,0,prompting,zero-shot_nancy_mistral_nancy_mistral_cfg_2_R4
3819,zero-shot,nancy,mistral,nancy_mistral_cfg_2,R4,Pero ¿en qué se compite?,Pero ¿en qué se compite?,"¿En qué se competirá? (What will the competition be about?)

(",14.76190476190476,0.6600078344345093,0.4,2.0,0,prompting,zero-shot_nancy_mistral_nancy_mistral_cfg_2_R4
4006,zero-shot,nancy,mistral,nancy_mistral_cfg_2,R4,"Por otra parte, algunas personas sostienen que un impuesto de 10 por ciento impondría el mismo sacrificio a ambas familias.","Por otra parte, algunas personas sostienen que un impuesto de diez por ciento impondría el mismo sacrificio a ambas familias.","Algunas personas creen que una imposta del 10% significa el mismo esfuerzo para ambas familias.

(",15.194585057285286,0.8107613325119019,0.3888888888888889,0.75,0,prompting,zero-shot_nancy_mistral_nancy_mistral_cfg_2_R4
4276,zero-shot,nancy,mistral,nancy_mistral_cfg_2,R4,"Al principio, como ya vimos en el trueque, adoptó la forma de mercancía, pero con el tiempo se transformó en dinero-papel, cuentas corrientes y otras formas.","Al principio, tuvo la forma de mercancía, pero luego se transformó en dinero-papel, cuentas corrientes y otras formas.","Al principio, en el trueque, tomó la forma de bienes de intercambio, pero después se convirtió en papel moneda, cuentas bancarias y otras formas.

[Translation: Initially, in bartering, it took the shape of trade goods, but later transformed into paper money, checking accounts and other forms.]",39.03714423776835,0.7946354746818542,0.3880597014925373,1.7037037037037035,0,prompting,zero-shot_nancy_mistral_nancy_mistral_cfg_2_R4
4284,zero-shot,nancy,mistral,nancy_mistral_cfg_2,R4,"¿Son estos sólo sueños, o son metas reales?",¿Estos son sólo sueños o son metas reales?,"Son estos sueños o objetivos reales?

(Son dreams or real goals?)

[End of text.]",33.61777111777111,0.6987866163253784,0.4,1.75,0,prompting,zero-shot_nancy_mistral_nancy_mistral_cfg_2_R4
4638,zero-shot,nancy,mistral,nancy_mistral_cfg_2,R4,"En los pueblos donde el principio de la elección se extiende a todo, no hay propiamente hablando carrera pública.",En los pueblos donde el principio de la elección se extiende a todo no existe la carrera pública.,"En poblados donde todos pueden votar, no hay verdadera carrera política.",17.230056980056982,0.816755473613739,0.25,0.5789473684210527,0,prompting,zero-shot_nancy_mistral_nancy_mistral_cfg_2_R4
4751,zero-shot,nancy,mistral,nancy_mistral_cfg_2,R4,"Sin entusiasmo, dijo alguien famoso, nunca se ha podido realizar nada grande.",Sin entusiasmo no se logró nada grande.,Famosa persona dijo sin animación: nunca se ha logrado grandes cosas.,32.216183574879224,0.7089458107948303,0.2105263157894737,0.9166666666666666,0,prompting,zero-shot_nancy_mistral_nancy_mistral_cfg_2_R4
5037,zero-shot,nancy,mistral,nancy_mistral_cfg_2,R4,"Por tanto, este método calcula interés sobre interés.","Por eso, este método calcula interés sobre interés.","Este método calcula el interés sobre el interés que ya se ha acumulado.

(Translation: This method calculates interest on the interest that has already been accumulated.)",30.413359788359788,0.7093874216079712,0.45,3.25,0,prompting,zero-shot_nancy_mistral_nancy_mistral_cfg_2_R4
5112,zero-shot,nancy,mistral,nancy_mistral_cfg_2,R4,"El resultado es aproximado a $300,000 en seis años.",El resultado es aproximadamente trescientos mil dólares en seis años.,Se obtiene un resultado aproximado de trescientos mil dólares en seis años.,70.76111388611388,0.8991436958312988,0.6923076923076924,1.2,0,prompting,zero-shot_nancy_mistral_nancy_mistral_cfg_2_R4
5187,zero-shot,nancy,mistral,nancy_mistral_cfg_2,R4,Documente todos sus gastos e ingresos o compárelos con lo que usted planificó que iba a gastar en el mes.,Documente todos sus gastos e ingresos y compárelos con lo que usted planificó que iba a gastar en el mes.,"Registra todos tus gastos y ingresos, o comparálos con lo que planeabas gastar en un mes.

(Record all your expenses and income, or compare them with what you planned to spend in a month.)",17.620253067556988,0.669486939907074,0.3214285714285714,1.7,0,prompting,zero-shot_nancy_mistral_nancy_mistral_cfg_2_R4
