row_id,source_text,reference_text,few-shot_hariel_llama3_llama3_cfg_3_R1,few-shot_nancy_llama3_llama3_cfg_2_R2,lora_llama3,lora_mistral,zero-shot_hariel_mistral_hariel_mistral_cfg_1_R4,zero-shot_nancy_mistral_nancy_mistral_cfg_2_R4
550,"No tiene incentivos ni motivación, dos elementos esenciales en ambientes de competencia.",No tiene sentido ni motivación. Estos elementos son esenciales para la competencia.,Sin motivación y sin incentivos no se puede trabajar bien en un ambiente competitivo.,Sin motivación y sin incentivos no se puede ser exitoso en un ambiente competitivo.,"No tiene incentivos ni motivación, dos elementos esenciales en ambientes de competencia.","No tiene incentivos ni motivación, dos elementos esenciales en ambientes de competencia.","No tiene incentivos ni motivación. Esto es importante en entornos competitivos.

(Translation: He has no incentives nor motivation. This is important in competitive environments.)

Simplified version:
He doesn't have incentives or motivation. This matters in competitive situations.","No tiene incentivos ni motivation, que son importantes en entornos competitivos.

(Translation: He has no incentives nor motivation, which are essential in competitive environments.)

Simplified version:
He lacks incentives and motivation, key elements in competitive situations."
571,"En los procesos de importaciones y exportaciones intervienen, además de clientes y proveedores, instituciones del Estado y los bancos, tal como se indica en el siguiente recuadro:",Clientes y proveedores intervienen en las importancias y exportaciones. También lo hacen las instituciones estatales y los banco como se indica a continuación:,"En la importación y exportación, también participan instituciones gubernamentales y bancos, como se muestra a continuación.","En la importación y exportación, intervienen no solo clientes y proveedores sino también instituciones del Estado y bancos.","En los procesos de importaciones y exportaciones intervienen, además de clientes y proveedores, instituciones del Estado y los bancos, como se indica en el siguiente recuadro:","En los procesos de importaciones y exportaciones intervienen clientes y proveedores, instituciones del Estado y los bancos.","En importaciones y exportaciones intervenes además de clientes y proveedores, instituciones gubernamentales y bancos (detallado a continuación):

(Diagrama o tabla siguiente)

Instituciones gubernamentales: Aduanas, Banco Central, Ministerio de Comercio.
Bancos: Banco de Descuento, Banco de la Exportación.","During imports and exports, besides clients and suppliers, there are also government institutions and banks involved. (Simple version: In importing and exporting, it's not just clients and providers; the government and banks are involved as well.)"
885,"El robo de identidad ocurre cuando su información personal, tal como su nombre, número de cuenta, o número de cédula de identidad se usan sin su conocimiento para cometer un fraude o robo.","El robo de identidad ocurre cuando su información personal como su nombre, número de cuenta, o número de cédula de identidad se usan sin su conocimiento para cometer un fraude o robo.","El robo de identidad es cuando alguien utiliza tu información personal, como tu nombre y números de cuenta o cédula de identidad, sin tu permiso para hacer trucos malintencionados.",El robo de identidad es cuando alguien usa su información personal sin su consentimiento para hacer trucos o robos.,El robo de identidad ocurre cuando su información personal se usa sin su conocimiento para cometer un fraude o robo.,El robo de identidad ocurre cuando su información personal se usa sin su conocimiento para cometer un fraude o robo.,"Robo de identidad sucede cuando alguien utiliza tu información personal, como nombre, número de cuenta o número de identificación, sin tu consentimiento para cometer un fraude o hurto.","Robo de identidad suele ocurrir cuando alguien utiliza tu información personal, como nombre, números de cuenta o número de cédula, sin tu consentimiento, para cometer fraudes o hurto."
1193,"Los sueños de los niños tienen una gran variedad que va desde Tarzán hasta el Agente 007, pasando por Superman.",Los sueños de los niños son variados y van desde Tarzán hasta el Agente 007 y Superman.,"Los niños soñan con cosas como ser Tarzán, el Agente 007 o Superman.","Los niños soñan con ser como personajes famosos, como Tarzán, Agente 007 o Superman.",Los sueños de los niños tienen una gran variedad.,"Los sueños de los niños tienen una gran variedad. Algunos son Tarzán, el Agente 007 o Superman.","Los sueños de los niños van desde Tarzan hasta James Bond, incluyendo a Superman.","Niños soñan con muchas cosas, desde Tarzán hasta Agent 007, incluyendo a Superman."
1391,Expresiones como soborno y cohecho se refieren a ilícitos vinculados a la compra de la voluntad de un individuo para provecho personal.,Expresiones como soborno y cohecho se refieren a delitos vinculados a comprar la voluntad de alguien para provecho personal.,"Expresiones como ""soborno"" y ""cohecho"" se refieren a actos ilegales que involucran comprar el apoyo o consentimiento de alguien para beneficio propio.","Comunicación inapropiada entre alguien con autoridad y otro que tiene una relación especial con él, por ejemplo, un empleador y un empleado.",Expresiones como soborno y cohecho se refieren a ilícitos vinculados a la compra de la voluntad de un individuo para provecho personal.,Expresiones como soborno y cohecho son ilícitos vinculados a la compra de la voluntad de un individuo para provecho personal.,Expresiones como soborno y cohecho se referen a actos ilegales relacionados con la compra de alguien para obtener beneficios personales.,"Expresiones ""soborno"" y ""cohecho"" se referen a actos ilegales relacionados con la compra de alguien su voluntad para beneficio propio.

(Expressions ""bribe"" and ""extortion"" refer to illegal acts related to buying someone's will for personal gain.)"
1399,"DIRECCIÓN DE PRESUPUESTO (DIPRES): ""formula y lleva el control presupuestario de la nación.""",DIRECCIÓN DE PRESUPUESTO: formula y lleva el control presupuestario de la nación.,La Dirección de Presupuesto es responsable de crear y supervisar los presupuestos del país.,La Dirección de Presupuesto (Dipres) es responsable de crear y supervisar el presupuesto nacional.,La Dirección de Presupuesto formula y lleva el control presupuestario de la nación.,La Dirección de Presupuesto formula y lleva el control presupuestario de la nación.,DIPRES es quien diseña y administra el presupuesto nacional.,DIPRES es quien diseña y administra el presupuesto nacional.
1636,"Interés compuesto: Es la suma del capital y el interés acumulado, que se va multiplicando según los plazos convenidos. La tasa de interés es el porcentaje que se aplica a un préstamo o inversión realizada.",El interés compuesto es la suma del capital y el interés acumulado. La tasa de interés es el porcentaje aplicado a un préstamo o inversión realizada.,"El interés compuesto es la suma del capital y el interés acumulado, que crece según el tiempo convenido. La tasa de interés es el porcentaje aplicado a un préstamo o inversión.","El interés compuesto es la suma del capital y el interés acumulado, que crece según el tiempo establecido. La tasa de interés es el porcentaje que se aplica al dinero prestado o invertido.",El interés compuesto es la suma del capital y el interés acumulado. La tasa de interés es el porcentaje que se aplica a un préstamo o inversión realizada.,El interés compuesto es la suma del capital y el interés acumulado. Se multiplica según los plazos convenidos. La tasa de interés es el porcentaje que se aplica a un préstamo o inversión realizada.,"Interés compuesto: Es la suma de capital y intereses acumulados, que aumentan según los plazos acordados. La tasa de interés es el porcentaje aplicado a un préstamo o inversión.

Translation: Compound interest: It's the sum of principal and accumulated interest that grows according to agreed terms. The rate of interest is the percentage applied to a loan or investment.","Interés compuesto: Es la suma de capital y intereses acumulados, que aumentan según los plazos acordados. La tasa de interés es el porcentaje aplicado a un préstamo o inversión.

Translation: Compound interest: It is the sum of principal and accumulated interest that grows according to agreed-upon terms. The rate of interest is the percentage applied to a loan or investment."
1740,La producción en un país se realiza mediante lo que se conoce como factores de producción y de los cuales nos ocuparemos en detalle más adelante.,A través de los factores de producción se realiza la producción en un país. Más adelante nos ocuparemos en detalle de estos factores.,"La producción en un país se hace utilizando factores como capital, trabajo y recursos naturales.","La producción en un país se hace utilizando factores de producción, sobre los que hablaremos más tarde.",La producción en un país se realiza mediante los factores de producción. Estos se ocuparán en detalle más adelante.,La producción en un país se realiza mediante los factores de producción.,"Producción en un país se hace usando factores, que mencionaremos después en más detalle.","Produccion de un pais se hace usando factores de produccion, sobre estos hablaremos mas tarde en detalle.

(Production in a country is done using production factors, which we will discuss in detail later.)"
1742,"A pesar de que algunos critican al intermediario, se necesita a este individuo en la economía.","Aunque algunas personas critican al intermediario, este individuo es necesario en la economía.","Aunque algunos lo critiquen, el intermediario es necesario en la economía.","Aunque algunos critican al intermediario, es importante su papel en la economía.","Algunos critican al intermediario, pero se necesita a este individuo en la economía.","A pesar de que algunos critican al intermediario, se necesita a este individuo en la economía.","Algunas personas criticaban al intermediario, pero era necesario para la economía.

(Translation: Some people criticized the intermediary, but he was necessary for the economy.)

Simplified version:
The intermediary was criticized by some, but needed in the economy.","Algunas personas criticaban al intermediario, pero era necesario para la economía.

Simplified version: Some people criticized the intermediary, but he was necessary for the economy."
1790,El impuesto a los réditos es también un buen instrumento para conocer el monto de las rentas y de la riqueza nacional.,El impuesto a las utilidades también es un buen método para conocer el monto de las rentas y de la riqueza nacional.,El impuesto sobre los intereses es una forma efectiva de medir el valor de las rentas y la riqueza del país.,El impuesto a los réditos es una forma útil para saber cuánto dinero se gana y qué tan rica es la nación.,El impuesto a los réditos es un buen instrumento para conocer el monto de las rentas y de la riqueza nacional.,El impuesto a los réditos es un buen instrumento para conocer el monto de las rentas y de la riqueza nacional.,"El impuesto sobre el ingreso es útil para saber cuánto gana la nación.

[",El impuesto sobre el ingreso es útil para saber cuánto gana la nación.
1920,"También es de mucha ayuda separar las metas en tres períodos de tiempo para los propósitos de planeamiento, y aun cuando esto ya se trató en el capítulo anterior, se reitera tan importante aspecto, centrados en el tema del presente y con la intención de reforzar el manejo del mismo:","También ayuda separar las metas en tres períodos de tiempo para cumplir con los propósitos planteados. Aunque este aspecto ya se trató en el capítulo anterior, reiteramos su importancia:","Separar las metas en tres períodos de tiempo es útil para planificar. Esto ya se mencionó anteriormente, pero es importante recordarlo para gestionar mejor tus objetivos.",Separar las metas en tres períodos de tiempo ayuda a planificar mejor.,"Separe las metas en tres períodos de tiempo para el planeamiento. Aunque esto ya se trató en el capítulo anterior, se reitera tan importante aspecto centrados en el tema del presente y con la intención de reforzar el manejo del mismo:","También es de mucha ayuda separar las metas en tres períodos de tiempo para los propósitos de planeamiento. Aunque ya se trató en el capítulo anterior, se reitera tan importante aspecto centrados en el tema del presente y con la intención de reforzar el manejo del mismo:","It's helpful to divide goals into three time periods for planning purposes. Although this was discussed earlier, it's important to emphasize: focus on the present and manage it effectively.","It's helpful to divide goals into three time periods for planning purposes. Although this was discussed in the previous chapter, it's important to emphasize again: focus on the present and manage it effectively.

("
2027,Seguridad financiera: Consiste en cumplir con las necesidades que se presentan en el futuro de las personas y al mismo tiempo cumplir con las obligaciones diarias.,"Seguridad financiera, consiste en cumplir con las necesidades económicas que se presentan en el futuro de las personas y también cumplir con las obligaciones financieras diarias.","La seguridad financiera es importante porque te permite pagar tus necesidades actuales y futuras, así como también cumple con tus compromisos diarios.",Consiste en tener suficiente dinero para cubrir las necesidades futuras y pagar las cuentas diarias.,La seguridad financiera consiste en cumplir con las necesidades del futuro de las personas y con las obligaciones diarias.,La seguridad financiera consiste en cumplir con las necesidades que se presentan en el futuro de las personas y al mismo tiempo cumplir con las obligaciones diarias.,"Seguridad financiera: Consiste en satisfacer las necesidades futuras y los gastos diarios.

Translation: Financial security consists in meeting future needs and daily expenses.","Seguridad financeira: Consista en satisfacer las necesidades futuras personas y cumplir con los deberes diarios.

Version simplified: Financial security means providing for future needs while meeting daily obligations."
2065,"La última, pero no menos importante razón, puede ser encontrar un fascinante campo de acción intelectual para comprender el mundo real.",La última es encontrar un campo de acción intelectual para comprender el mundo real.,La razón final es encontrar un tema interesante que te ayude a entender mejor el mundo.,La razón final es encontrar un tema interesante que te ayude a entender el mundo.,La última razón puede ser encontrar un fascinante campo de acción intelectual para comprender el mundo real.,La última razón es encontrar un campo de acción intelectual para comprender el mundo real.,Última razón importante: encontrar interesante campo mental para entender el mundo real.,Última razón importante: encontrar interesante campo mental para entender el mundo real.
2365,"Si el entusiasmo, y esto no es idealismo ramplón, se orienta hacia la salud, la belleza, el éxito, la felicidad, lo más probable es que se obtenga la salud, la belleza, el éxito y la felicidad.","Si el entusiasmo se dirige hacia la salud, la belleza, el éxito, la felicidad es probable que los consigamos.","Si nos enfocamos en la salud, la belleza, el éxito y la felicidad con entusiasmo, es probable que logremos esos objetivos.","Si nos enfocamos en la salud, la belleza, el éxito y la felicidad, probablemente logremos alcanzarlos.","Si el entusiasmo se orienta hacia la salud, la belleza, el éxito y la felicidad, se obtendrá la salud, la belleza, el éxito y la felicidad.","Si el entusiasmo se orienta hacia la salud, la belleza, el éxito y la felicidad, es probable que se obtenga estos resultados.","Si el entusiasmo se dirige hacia la salud, la belleza, el éxito y la felicidad, es probable que obtengas todas ellas.","Si el entusiasmo apunta hacia la salud, la belleza, el éxito y la felicidad, es probable que obtengas todas ellas."
2449,"En la segunda etapa de programación, se definen los objetivos y se fijan las metas o resultados esperados, que deben ser lo más específicos y precisos posibles, para tener claridad en lo que se trata de alcanzar con las inversiones por realizar; por ejemplo, los tipos de inversión y los montos que se pretenden lograr en un tiempo definido y otros que pueden describirse en términos de logro o resultados que se desean alcanzar.","En la segunda etapa de programación, se definen los objetivos y se fijan las metas específicas.","En la segunda etapa, se establecen objetivos claros y precisos para saber qué se quiere lograr con las inversiones. Por ejemplo, se define el tipo de inversión y el monto a lograr en un plazo determinado o los resultados que se desean alcanzar.","En la segunda etapa de programación, se establecen objetivos claros y específicos para saber qué se quiere lograr con las inversiones. Por ejemplo, qué tipo de inversión y cuánto dinero se pretende ganar en un plazo determinado.","En la segunda etapa de programación se definen los objetivos y se fijan las metas o resultados esperados. Estos deben ser lo más específicos y precisos posibles para tener claridad en lo que se trata de alcanzar con las inversiones por realizar. Por ejemplo, los tipos de inversión y los montos que se pretenden lograr en un tiempo definido. También los que pueden describirse en términos de logro o resultados que se desean alcanzar.","En la segunda etapa de programación se definen los objetivos y se fijan las metas o resultados esperados. Estos deben ser lo más específicos y precisos posibles para tener claridad en lo que se trata de alcanzar con las inversiones por realizar. Por ejemplo, los tipos de inversión y los montos que se pretenden lograr en un tiempo definido y otros que pueden describirse en términos de logro o resultados que se desean alcanzar.","During the second programming stage, we set specific and clear goals with expected results. For instance, the types of investments and desired amounts within a given timeframe. Other goals can be described as achievements or outcomes we aim to reach.","During the second programming stage, we set specific and clear goals and expected results. For instance, the types of investments and their amounts within a defined timeframe, as well as other objectives that can be described in terms of achievements or desired outcomes."
2550,Estas tarjetas acarrean pocos riesgos y te ayudan a crear buenos antecedentes crediticios al mostrar tu capacidad para usar una tarjeta con responsabilidad.,Estas tarjetas traen pocos riesgos y ayudan a crear buen historial crediticio.,"Estas tarjetas son seguras y te permiten construir un buen historial crediticio, demostrando que puedes utilizarla de manera responsable.",Estas tarjetas no suponen un gran riesgo y te permiten construir un buen historial crediticio demostrando que puedes utilizar la tarjeta de manera responsable.,Estas tarjetas acarrean pocos riesgos y te ayudan a crear buenos antecedentes crediticios al mostrar tu capacidad para usar una tarjeta con responsabilidad.,Estas tarjetas acarrean pocos riesgos y te ayudan a crear buenos antecedentes crediticios al mostrar tu capacidad para usar una tarjeta con responsabilidad.,"Estas tarjetas tienen poca risks y te ayudan a crear buenos créditos al demostrar que puedes usar una tarjeta con responsabilidad.

(Translation: These cards have few risks and help you create good credit records by showing that you can use a card responsibly.)

Simplified version:
These cards have little risk and help create good credit records by demonstrating responsible use.","Estas tarjetas tienen poca risks y te ayudan a crear buenas referencias crédito mostrando que puedes usar una tarjeta con responsabilidad.

(Translation: These cards have little risk and help you create good credit references by showing that you can use a card responsibly.)"
2657,"Adicionalmente, el canal móvil (celulares) es de alto potencial para utilizar pagos a través de mensajería de texto SMS permitiendo, desde cualquier lugar donde se tenga acceso al servicio inalámbrico, realizar pagos electrónicos.","Además, los celulares permiten realizar pagos electrónicos desde cualquier lugar con acceso al servicio inalámbrico.",El pago electrónico por mensaje de texto (SMS) es una forma rápida y conveniente para pagar en cualquier lugar con conexión a Internet.,El canal móvil es ideal para hacer pagos electrónicos mediante mensajes de texto (SMS) en cualquier lugar con conexión inalámbrica.,"Además, el canal móvil es de alto potencial para utilizar pagos a través de mensajería de texto SMS. Esto permite realizar pagos electrónicos desde cualquier lugar con acceso al servicio inalámbrico.","Adicionalmente, el canal móvil es de alto potencial para utilizar pagos a través de mensajería de texto SMS. Esto permite realizar pagos electrónicos desde cualquier lugar donde se tenga acceso al servicio inalámbrico.","Además, los móviles celulares pueden usar pagos a través de SMS text messages, permitiendo realizar transacciones electrónicas desde cualquier lugar con acceso a servicio inalámbrico.

(Additionally, mobile phones can use payments through SMS text messages, allowing electronic transactions from any location with wireless service access.)","Además, los móviles (celulares) pueden usar pagos a través de SMS text messages para hacer transacciones electrónicas desde cualquier lugar con acceso al servicio inalámbrico."
2703,"Existen varias modalidades de cheques, como lo mencionan los mismos Alonso, Brailovsky y Ortiz (1999).","Según Alonso, Brailovsky y Ortiz (mil novecientos noventa y nueve) hay varias modalidades de cheques.",Existen diferentes tipos de cheques.,"Hay diferentes tipos de cheques, según dicen Alonso, Brailovsky y Ortiz.",Existen varias modalidades de cheques.,"Existen varias modalidades de cheques, como mencionan Alonso, Brailovsky y Ortiz.","Hay diferentes tipos de cheques, según lo indicado por Alonso, Brailovsky y Ortiz en 1999.","Hay diferentes tipos de cheques según lo indicado por Alonso, Brailovsky y Ortiz en 1999."
2732,"La mayor ventaja es la flexibilidad que le da al usuario, quien puede pagar sus saldos por completo cada mes o puede pagar en parte.",La mayor ventaja es la flexibilidad para el usuario. Quien puede pagar sus saldos completos o en parte mensualmente.,"La principal ventaja es que el usuario tiene libertad para elegir cómo paga sus deudas, ya sea pagando todo el saldo al final del mes o haciendo pagos parciales.",La principal ventaja es que te permite elegir cómo pagas tus saldos cada mes. Puedes pagarlos todos al mismo tiempo o dividir el pago entre varios meses.,La mayor ventaja es la flexibilidad que le da al usuario. Quien puede pagar sus saldos por completo cada mes o pagar en parte.,"La mayor ventaja es la flexibilidad que le da al usuario, quien puede pagar sus saldos por completo cada mes o puede pagar en parte.",El usuario puede pagar todo en un solo pago cada mes o solo una parte. (The user can pay in full every month or just a part of it.),El usuario puede pagar todo o solo una parte de su déuda cada mes. (The user can pay off the entire debt or just a part of it every month.)
2947,"El dinero que inviertes inicialmente se denomina ""capital"".",El capital es el dinero invertido inicialmente.,El capital es el dinero que inviertes al principio.,El capital es el dinero que pones como inversión inicial.,El dinero inicialmente invertido se llama capital.,"El dinero que inviertes inicialmente se llama ""capital"".","El dinero que inicias en inversiones se llama ""capital"".

(Money that you initially invest is called ""capital."")","El dinero que inicialmente inviertes se llama ""capital"". (The money you initially invest is called ""capital."")

["
3320,"Existen modelos cuantitativos que permiten determinar de manera técnica el valor de la tasa de descuento como el CAPM1 y el WACC2 (Bell, 2016), los cuales no se incluyen en el presente documento; no obstante, la determinación subjetiva de la tasa de descuento exigida por el accionista puede utilizarse ante la falta de información de los mencionados modelos.","Hay modelos cuantitativos para determinar técnicamente el valor de la tasa de descuento, pero no se incluyen en este documento. Sin embargo, la determinación subjetiva de la tasa de descuento exigida por el accionista se puede utilizar ante la falta de información de esos modelos.","Se pueden utilizar modelos matemáticos para calcular el valor de la tasa de descuento, como CAPM y WACC. Sin embargo, si no se dispone de esa información, se puede determinar subjetivamente la tasa de descuento que un accionista requiere.","Existen métodos matemáticos que permiten calcular el valor de la tasa de descuento, como el CAPM y el WACC. Sin embargo, si no se tienen datos sobre estos métodos, podemos utilizar nuestra propia estimación para determinar la tasa de descuento que un accionista requiere.","Existen modelos cuantitativos que permiten determinar de manera técnica el valor de la tasa de descuento. Sin embargo, la determinación subjetiva de la tasa de descuento exigida por el accionista puede utilizarse ante la falta de información de los mencionados modelos.","Existen modelos cuantitativos para determinar la tasa de descuento. Pero no se incluyen en este documento. Por eso, la tasa de descuento exigida por el accionista puede ser determinada subjetivamente.","Hay modelos que calculan la tasa de descuento técnicamente, como CAPM y WACC (Bell, 2016), que no están incluidos en este documento. Sin embargo, se puede determinar subjectivamente la tasa de descuento exigida por el accionista al faltar información de estos modelos.","Hay métodos matemáticos para calcular la tasa de descuento (CAPM y WACC, según Bell, 2016), que no están incluidos en este documento. Sin embargo, se puede determinar subjectivamente la tasa de descuento deseada por el accionista cuando no hay información sobre esos métodos."
3396,"Particularmente, se observa que el escenario 3 es el único que presenta una situación que no sea rentable.",El escenario tres es el único que presenta una situación no rentable.,El escenario 3 es el único que no genera ganancias.,Este escenario no es rentable.,"Particularmente, el escenario tres es el único que presenta una situación no rentable.","Particularmente, el escenario tres es el único que presenta una situación no rentable.",Solo el escenario tres no es rentable.,Solo el escenario tres no es rentable.
3404,"Obtenga el rendimiento de un bono de $10,000 que paga el 6.",Saque el rendimiento de un bono de diez mil dólares que paga el seis.,El rendimiento anual del bono es de $600.,"El rendimiento anual de un bono de $10,000 que paga el 6% es de $600.",Obtenga el rendimiento de un bono de diez mil dólares que paga el seis.,Obtenga el rendimiento de un bono de diez mil dólares que paga el seis por ciento.,"Obtén el beneficio de un bonos de diez mil dólares que paga el 6%
(Obtain the benefit of a bond worth ten thousand dollars that pays a 6% interest)","Gana rendimiento de $10,000 bonos que pagan el 6%

("
3570,"De partida, el tema concierne a todos los individuos y durante toda la vida, pues las finanzas explican la procedencia y uso de los ingresos y recursos que se disponen para satisfacer las necesidades particulares de todas y todos.",El tema interesa a todas las personas. Porque las finanzas explican el origen y uso de los ingresos disponibles para satisfacer las necesidades de todos.,"Las finanzas son importantes en la vida diaria porque determinan cómo gastamos o ahorraremos nuestros ingresos.

(",Las finanzas explican cómo gestionamos nuestros ingresos y recursos para satisfacer nuestras necesidades personales.,El tema de las finanzas concierne a todos los individuos y durante toda la vida. Las finanzas explican la procedencia y uso de los ingresos y recursos para satisfacer las necesidades particulares de todas y todos.,"El tema concierne a todos los individuos y durante toda la vida, pues las finanzas explican la procedencia y uso de los ingresos y recursos que se disponen para satisfacer las necesidades particulares de todas y todos.","El tema de las finanzas afecta a todos y toda la vida, ya que explica donde vienen y cómo se usan los ingresos y recursos para cumplir con nuestras necesidades personales.","El tema de las finanzas afecta a todos durante toda la vida, ya que explica donde obtenermos el dinero y cómo usarlo para cubrir nuestras propias necesidades."
3653,¿Qué función cumplen las empresas en la sociedad?,¿Qué función tienen las empresas en la sociedad?,"Las empresas son fundamentales para la sociedad porque crean empleos, producen bienes y servicios que mejoran nuestra calidad de vida, y generan riqueza. Además, contribuyen a la innovación y el progreso tecnológico, lo que nos permite vivir mejor y más cómodamente.","Las empresas son fundamentales para la sociedad porque crean empleos, producen bienes y servicios que mejoran nuestras vidas y generan riqueza.",¿Qué función cumplen las empresas en la sociedad?,¿Qué función cumplen las empresas en la sociedad?,"¿Qué hacen las empresas para la sociedad?

Respuesta clara: Empresas producen bienes y servicios, crean empleos y pagan impuestos.","¿Cómo contribuyen las empresas a la sociedad?

Respuesta clara: Empresas producen bienes y servicios, crean empleos y pagan impositos."
3712,Estos principios están diseñados para promover que las firmas de servicios financieros y las organizaciones de consumidores hagan más para educar a los ciudadanos en esta área.,Estos principios están diseñados para promover que las empresas de servicios financieros y las organizaciones de consumidores hagan más para educar a los ciudadanos en esta área.,Estos principios buscan fomentar la educación financiera entre los ciudadanos.,"Estos principios buscan fomentar la educación financiera entre los ciudadanos, logrando que las empresas de servicios financieros y las organizaciones de consumidores trabajen juntos para informar y ayudar a la gente a tomar decisiones más sabias con su dinero.",Estos principios promueven que las firmas de servicios financieros y las organizaciones de consumidores educen a los ciudadanos en esta área.,Estos principios promueven la educación de los ciudadanos en la materia.,"Estos principios fomentan que empresas financieras y consumidoras educen mejor a la gente en este ámbite.

(Principles are designed to encourage financial service firms and consumer organizations to educate people more in this area.)",Estos principios fomentan que empresas financieras y consumidoras educen mejor a la población en este ámbitio.
3776,"Hable con ellos, déles la cara, y hágales saber que está haciendo todo lo que puede para pagarles.","Hable con ellos, enfréntelos y comuníqueles que está haciendo lo posible para pagarles.","Hable con ellos, déles la cara y explíqueles que estás trabajando duro para pagarte a ti mismo.","Hable con ellos, muéstrese dispuesto a trabajar y comuníqueles su esfuerzo por pagar.","Comuníquese con ellos, déles la cara y hágales saber que está haciendo todo lo posible para pagarles.",Hable con ellos y déles la cara. Hágales saber que está haciendo todo lo que puede para pagarles.,"Habla con ellos, hazlo claro que trabajas duro por pagarlos.","Habla con ellos, hazlo claro que estás trabajando duro para pagarlos."
3819,Pero ¿en qué se compite?,Pero ¿en qué se compite?,"La gente se compete por ganar dinero y tener una buena vida, pero no hay un solo camino para lograrlo. Algunos buscan la riqueza a través de inversiones riesgosas, mientras que otros prefieren ahorrar y ser prudentes.","La gente se está peleando por dinero, como un carrusel que no para de girar.",¿En qué se compite?,"Pero, en qué se compite?","¿En qué se disputa la competencia?

(","¿En qué se competirá?

(What is the competition about?)"
4006,"Por otra parte, algunas personas sostienen que un impuesto de 10 por ciento impondría el mismo sacrificio a ambas familias.","Por otra parte, algunas personas sostienen que un impuesto de diez por ciento impondría el mismo sacrificio a ambas familias.",Algunos creen que un impuesto del 10% sería igualmente duro para ambos hogares.,Algunos creen que un impuesto del 10% afectaría igualmente a ambos hogares.,Algunas personas sostienen que un impuesto de diez por ciento impondría el mismo sacrificio a ambas familias.,"Por otra parte, algunas personas sostienen que un impuesto de diez por ciento impondría el mismo sacrificio a ambas familias.","Algunas personas creen que una impuesto del 10% afectaría igual a ambas familias.

(","Algunas personas creen que una impuesto del 10% afectaría igual a ambas familias.

("
4276,"Al principio, como ya vimos en el trueque, adoptó la forma de mercancía, pero con el tiempo se transformó en dinero-papel, cuentas corrientes y otras formas.","Al principio, tuvo la forma de mercancía, pero luego se transformó en dinero-papel, cuentas corrientes y otras formas.","La moneda evolucionó desde ser un objeto tangible hasta convertirse en papel moneda, cheques y otros medios electrónicos.","La moneda cambió de ser un objeto físico a una representación abstracta, como billetes de papel o depósitos bancarios.","Al principio, como vimos en el trueque, adoptó la forma de mercancía. Pero con el tiempo se transformó en dinero-papel, cuentas corrientes y otras formas.","Al principio adoptó la forma de mercancía, pero con el tiempo se transformó en dinero-papel, cuentas corrientes y otras formas.","Al principio, en el trueque, se convirtió en mercancía. Luego, pasó a ser papel moneda, cuentas corrientes y otras formas.","Al principio, en el intercambio, tomó la forma de bienes, pero después se convirtió en papel moneda, cheques y otras formas."
4284,"¿Son estos sólo sueños, o son metas reales?",¿Estos son sólo sueños o son metas reales?,¿Sólo fantasías o objetivos alcanzables?,¿Son estas solo ilusiones o objetivos verdaderos?,¿Son estos sueños o metas reales?,¿Son estos sólo sueños o son metas reales?,"Son estos sueños o metas reales?

Respuesta clara: Son lo que, realmente?

Version simplified: Are these just dreams or real goals?","Son estos sueños o objetivos reales?

(Son dreams or real goals?)"
4638,"En los pueblos donde el principio de la elección se extiende a todo, no hay propiamente hablando carrera pública.",En los pueblos donde el principio de la elección se extiende a todo no existe la carrera pública.,"En lugares donde todos pueden elegir, no hay realmente una ""carrera pública"".","En lugares donde todos pueden elegir, no hay realmente una carrera política.","En los pueblos donde el principio de la elección se extiende a todo, no hay propiamente hablando carrera pública.","En los pueblos donde el principio de la elección se extiende a todo, no hay propiamente carrera pública.","En poblados donde todos pueden votar, no hay verdadera carrera política.","En poblados donde todos pueden votar, no hay verdadera carrera política."
4751,"Sin entusiasmo, dijo alguien famoso, nunca se ha podido realizar nada grande.",Sin entusiasmo no se logró nada grande.,Nunca se logra algo grande sin entusiasmo.,Nunca se logra hacer algo importante sin entusiasmo.,"Sin entusiasmo, nunca se ha podido realizar nada grande.","Sin entusiasmo, dijo alguien famoso, nunca se ha podido realizar nada grande.",Famosa persona dijo desentusiastamente: nada grande se ha logrado sin entusiasmo.,Famosa persona dijo desanimado: nada grandioso se logra sin entusiasmo.
5037,"Por tanto, este método calcula interés sobre interés.","Por eso, este método calcula interés sobre interés.",Este método también considera el interés ganado en la inversión.,Este método calcula el interés que se gana por encima del interés.,"Por eso, este método calcula interés sobre interés.","Por tanto, este método calcula interés sobre interés.","Este método calcula intereses sobre intereses, lo que significa añadir intereses a los intereses existentes.

(","Este método calcula el interés sobre el interés anterior.

("
5112,"El resultado es aproximado a $300,000 en seis años.",El resultado es aproximadamente trescientos mil dólares en seis años.,"El resultado sería de aproximadamente 300,000 dólares después de seis años.",El resultado es de aproximadamente 300 mil dólares después de seis años.,El resultado es aproximadamente trescientos mil dólares en seis años.,El resultado es aproximado a trescientos dólares en seis años.,Se obtiene un resultado aproximado de trescientos mil dólares en seis años.,"Se obtiene un resultado aproximademente a 300.000 dólares en seis años.

("
5187,Documente todos sus gastos e ingresos o compárelos con lo que usted planificó que iba a gastar en el mes.,Documente todos sus gastos e ingresos y compárelos con lo que usted planificó que iba a gastar en el mes.,Registra todos tus gastos y ingresos para ver si concuerdan con tu presupuesto.,Registra todos tus gastos y ingresos para compararlos con tu presupuesto mensual.,Documente todos sus gastos e ingresos.,Documente todos sus gastos e ingresos.,"Registra todos tus gastos y ingresos o comparalos con lo que planeabas gastar en un mes.

(","Registra todos tus gastos y ingresos, o comparelos con lo que planeabas gastar durante el mes.

(Record): Write down all your expenses and income, or compare them with what you planned to spend during the month.

("
