additions_proportion,bertscore_f1,bleu,compression_ratio_eval,config_label,config_signature,deletions_proportion,exact_copy,fernandez_huerta_delta,fernandez_huerta_pred,fernandez_huerta_src,gen_do_sample,gen_max_new_tokens,gen_no_repeat_ngram_size,gen_repetition_penalty,gen_temperature,gen_top_p,inflesz_delta,inflesz_pred,inflesz_src,leader_score,levenshtein_similarity,model_key,owner,prompt_family,rouge1_f,rouge2_f,rougeL_f,ruleset,sari,sentence_splits
0.3919254576744292,0.8071358233690262,14.297969262780136,0.8616919719454137,llama3_cfg_3,few-shot | hariel | llama3 | llama3_cfg_3 | R1 | temp=0.3 | top_p=0.9 | rep=1.15 | max_new=256.0 | do_sample=NA | ngram=NA,0.4814667466137095,0.0,-6.149181433977059,82.16516069618946,88.31434213016652,NA,256.0,NA,1.15,0.3,0.9,12.371868344462367,64.3554830922927,51.98361474783032,58.01346415514875,0.4655484214121569,llama3,hariel,few-shot,0.4772117601436907,0.2841981347718528,0.4172461243965146,R1,42.88005203397951,0.7
0.3526258462040196,0.8053229928016663,15.394757222529725,0.7817100428746103,llama3_cfg_2,few-shot | nancy | llama3 | llama3_cfg_2 | R2 | temp=0.7 | top_p=0.9 | rep=1.1 | max_new=512.0 | do_sample=NA | ngram=NA,0.502510741125859,0.0,-4.121398380031192,84.19294375013531,88.31434213016652,NA,512.0,NA,1.1,0.7,0.9,14.243036937741168,66.2266516855715,51.98361474783032,57.99484719084045,0.490717867783478,llama3,nancy,few-shot,0.4798499404332563,0.2833028670052916,0.3987818815649341,R2,42.96987913128967,0.3
0.3251931238842117,0.8030352979898453,15.378169002151598,0.8077180211135069,llama3_cfg_2,few-shot | hariel | llama3 | llama3_cfg_2 | R0 | temp=0.2 | top_p=0.9 | rep=1.1 | max_new=256.0 | do_sample=NA | ngram=NA,0.4699780249577155,0.0,-6.890115947299631,81.42422618286687,88.31434213016652,NA,256.0,NA,1.1,0.2,0.9,14.53389060251043,66.51750535034076,51.98361474783032,57.969579599220964,0.5235368259370501,llama3,hariel,few-shot,0.4899883371195869,0.2999048431343014,0.4116650635964948,R0,43.08027946604526,0.7
0.3389313650709224,0.8003803998231888,14.955278527176093,0.7615295391877365,llama3_cfg_2,few-shot | nancy | llama3 | llama3_cfg_2 | R1 | temp=0.7 | top_p=0.9 | rep=1.1 | max_new=512.0 | do_sample=NA | ngram=NA,0.5001751480397315,0.0,-4.549150278638505,83.765191851528,88.31434213016652,NA,512.0,NA,1.1,0.7,0.9,17.137421041223185,69.12103578905351,51.98361474783032,57.67688680510729,0.4817103771160398,llama3,nancy,few-shot,0.4679459393089236,0.2863155795439156,0.4189759324039953,R1,42.769451353632896,0.55
0.2645336484234662,0.807976508140564,17.534298908494026,0.7612649065859755,llama3_cfg_1,few-shot | hariel | llama3 | llama3_cfg_1 | R2 | temp=0.2 | top_p=0.85 | rep=1.05 | max_new=256.0 | do_sample=NA | ngram=NA,0.4434086059520571,0.0,-2.3136298663293844,86.00071226383713,88.31434213016652,NA,256.0,NA,1.05,0.2,0.85,19.5360246805132,71.51963942834352,51.98361474783032,57.65036546881517,0.5437165249293112,llama3,hariel,few-shot,0.4979840410787323,0.318418106154654,0.4435579469464026,R2,42.21884190532101,0.65
0.3356134470347857,0.8027568548917771,14.237674601475891,0.746943911730235,hariel_llama3_cfg_1,zero-shot | hariel | llama3 | hariel_llama3_cfg_1 | R0 | temp=0.2 | top_p=0.85 | rep=1.05 | max_new=256.0 | do_sample=NA | ngram=NA,0.509976434001852,0.0,-1.3139260371398638,87.00041609302664,88.31434213016652,NA,256.0,NA,1.05,0.2,0.85,21.25546924918813,73.23908399701847,51.98361474783032,57.30087036837028,0.4720742278512661,llama3,hariel,zero-shot,0.4832064114655826,0.2885518107534568,0.4050198262080407,R0,41.98432695449868,0.7
0.3859380532533384,0.8014830052852631,14.4215827909141,0.9023078921495348,nancy_mistral_cfg_2,zero-shot | nancy | mistral | nancy_mistral_cfg_2 | R4 | temp=0.3 | top_p=0.9 | rep=1.15 | max_new=400.0 | do_sample=True | ngram=4.0,0.462206278233446,0.0,-11.558589836880667,76.75575229328584,88.31434213016652,True,400.0,4.0,1.15,0.3,0.9,10.669576690819682,62.653191438650005,51.98361474783032,57.20188532312348,0.5037805269684994,mistral,nancy,zero-shot,0.4729949166151829,0.2807208349256412,0.3964661680867898,R4,41.90427518618826,1.2
0.2902116193060465,0.8058062970638276,15.959837122909132,0.7861525074759517,llama3_cfg_1,few-shot | hariel | llama3 | llama3_cfg_1 | R4 | temp=0.2 | top_p=0.85 | rep=1.05 | max_new=256.0 | do_sample=NA | ngram=NA,0.4497171319691482,0.0,-2.918694913605976,85.39564721656053,88.31434213016652,NA,256.0,NA,1.05,0.2,0.85,19.70431567797453,71.68793042580486,51.98361474783032,57.093612763837754,0.5234478335186513,llama3,hariel,few-shot,0.4921496050894626,0.2908805499260075,0.4210036576064361,R4,41.43560146880776,0.8
0.3780197686655487,0.801238602399826,13.59832948695758,0.8388591938599541,llama3_cfg_1,few-shot | nancy | llama3 | llama3_cfg_1 | R0 | temp=0.3 | top_p=0.9 | rep=1.15 | max_new=256.0 | do_sample=NA | ngram=NA,0.4947780310652276,0.0,-5.639000831439656,82.67534129872686,88.31434213016652,NA,256.0,NA,1.15,0.3,0.9,13.512965676842343,65.49658042467267,51.98361474783032,56.973766611253495,0.4944011161022595,llama3,nancy,few-shot,0.4574211013927868,0.2692130379102038,0.377288737575526,R0,41.54037085876743,0.6
0.4254722235986333,0.7934622526168823,13.87519698053932,0.7961064111677782,llama3_cfg_1,few-shot | nancy | llama3 | llama3_cfg_1 | R4 | temp=0.3 | top_p=0.9 | rep=1.15 | max_new=256.0 | do_sample=NA | ngram=NA,0.5507575157597245,0.0,-2.978386537216424,85.33595559295009,88.31434213016652,NA,256.0,NA,1.15,0.3,0.9,17.693822524194996,69.67743727202533,51.98361474783032,56.9434206787288,0.4558095551874972,llama3,nancy,few-shot,0.4261582577165598,0.2505376988409521,0.3638772984776774,R4,42.0082176234225,0.55
0.3627275650416154,0.7972139269113541,13.296023093839812,0.8024354731851882,llama3_cfg_3,few-shot | hariel | llama3 | llama3_cfg_3 | R0 | temp=0.3 | top_p=0.9 | rep=1.15 | max_new=256.0 | do_sample=NA | ngram=NA,0.4939056679606519,0.0,-4.242527184083465,84.07181494608304,88.31434213016652,NA,256.0,NA,1.15,0.3,0.9,16.846466191074633,68.83008093890496,51.98361474783032,56.88345259471771,0.513709851482117,llama3,hariel,few-shot,0.4674941467113434,0.2670963640600107,0.3789773300413516,R0,41.65815919710591,0.6
0.3484060509708729,0.7989408910274506,13.733112464346556,0.7737915022024998,llama3_cfg_2,few-shot | hariel | llama3 | llama3_cfg_2 | R1 | temp=0.2 | top_p=0.9 | rep=1.1 | max_new=256.0 | do_sample=NA | ngram=NA,0.5027846397588197,0.0,-5.111810241905129,83.20253188826139,88.31434213016652,NA,256.0,NA,1.1,0.2,0.9,16.292486089294805,68.27610083712514,51.98361474783032,56.780708525676495,0.5098485316669394,llama3,hariel,few-shot,0.464177513267084,0.2738312107486281,0.3915995437753056,R1,41.37178814096412,0.55
0.4037841006211319,0.7990050077438354,12.45515947670338,1.0108245400674196,hariel_mistral_cfg_1,zero-shot | hariel | mistral | hariel_mistral_cfg_1 | R4 | temp=0.3 | top_p=0.9 | rep=1.1 | max_new=256.0 | do_sample=NA | ngram=NA,0.4439681763669705,0.0,-6.887137425263012,81.4272047049035,88.31434213016652,NA,256.0,NA,1.1,0.3,0.9,6.817394021867962,58.801008769698285,51.98361474783032,56.74832384375658,0.492429658437461,mistral,hariel,zero-shot,0.4572707476313436,0.2574432438164785,0.383889082494703,R4,41.31353922333861,0.6
0.4120649070737741,0.7900530844926834,12.348385300932298,0.8142891930015159,llama3_cfg_1,few-shot | nancy | llama3 | llama3_cfg_1 | R3 | temp=0.3 | top_p=0.9 | rep=1.15 | max_new=256.0 | do_sample=NA | ngram=NA,0.5335880052086204,0.0,-5.220133911995211,83.0942082181713,88.31434213016652,NA,256.0,NA,1.15,0.3,0.9,18.15513951863021,70.13875426646054,51.98361474783032,56.62107866100763,0.4542181413276775,llama3,nancy,few-shot,0.4245430178709702,0.2431423132163475,0.3603486702927415,R3,41.69825880216716,0.8
0.300490855961232,0.8025255411863327,15.578270266996544,0.7634245585994289,llama3_cfg_1,few-shot | hariel | llama3 | llama3_cfg_1 | R1 | temp=0.2 | top_p=0.85 | rep=1.05 | max_new=256.0 | do_sample=NA | ngram=NA,0.47568393669076,0.0,-5.251299794393817,83.06304233577269,88.31434213016652,NA,256.0,NA,1.05,0.2,0.85,16.231880398332045,68.21549514616237,51.98361474783032,56.61589130339688,0.5484689491071879,llama3,hariel,few-shot,0.4691214296112136,0.290455066285738,0.4058185711739166,R1,40.85811609323928,0.65
0.4004836675189355,0.7943775206804276,12.659063906895977,0.8022158742463255,llama3_cfg_3,few-shot | hariel | llama3 | llama3_cfg_3 | R2 | temp=0.3 | top_p=0.9 | rep=1.15 | max_new=256.0 | do_sample=NA | ngram=NA,0.5275522359759705,0.0,-6.69818639148148,81.61615573868502,88.31434213016652,NA,256.0,NA,1.15,0.3,0.9,15.985159961006204,67.96877470883653,51.98361474783032,56.6071481294974,0.4618323988919776,llama3,hariel,few-shot,0.4394946532217373,0.2490831966351216,0.3682052657859661,R2,41.3867455038005,0.65
0.2897024643213624,0.8002779394388199,15.258564715744594,0.7462179903639294,llama3_cfg_1,few-shot | hariel | llama3 | llama3_cfg_1 | R3 | temp=0.2 | top_p=0.85 | rep=1.05 | max_new=256.0 | do_sample=NA | ngram=NA,0.4767054344415792,0.0,-1.523831745196209,86.7905103849703,88.31434213016652,NA,256.0,NA,1.05,0.2,0.85,21.199086632859625,73.18270138068995,51.98361474783032,56.54235744947324,0.5249708981857104,llama3,hariel,few-shot,0.4727441644192012,0.2829900666831393,0.4035278324285903,R3,40.88539978653409,0.7
0.3699313429518537,0.7968443125486374,13.818543812281757,0.7497849717478541,llama3_cfg_2,few-shot | hariel | llama3 | llama3_cfg_2 | R3 | temp=0.2 | top_p=0.9 | rep=1.1 | max_new=256.0 | do_sample=NA | ngram=NA,0.5302855372877844,0.0,-6.538260554793132,81.77608157537338,88.31434213016652,NA,256.0,NA,1.1,0.2,0.9,17.216486609525496,69.20010135735582,51.98361474783032,56.542317256413575,0.4967948416801657,llama3,hariel,few-shot,0.4513923626994127,0.2790603470457758,0.380980342909617,R3,41.1142412574468,0.6
0.4314502575570412,0.7975646793842316,12.875786733069852,0.8890537025228177,hariel_llama3_cfg_1,zero-shot | hariel | llama3 | hariel_llama3_cfg_1 | R1 | temp=0.2 | top_p=0.85 | rep=1.05 | max_new=256.0 | do_sample=NA | ngram=NA,0.5020763735491819,0.0,-0.4383021647212967,87.87603996544522,88.31434213016652,NA,256.0,NA,1.05,0.2,0.85,16.94210244717126,68.92571719500158,51.98361474783032,56.45919103052275,0.4428897398144047,llama3,hariel,zero-shot,0.4474925459299358,0.2522016445388706,0.3949006877351675,R1,40.927673091922486,0.45
0.3590696756432146,0.7984766453504563,13.78183846798406,1.0475263199328544,hariel_mistral_cfg_3,zero-shot | hariel | mistral | hariel_mistral_cfg_3 | R1 | temp=0.2 | top_p=0.85 | rep=1.1 | max_new=256.0 | do_sample=NA | ngram=NA,0.3930416816220872,0.0,-6.038859885927184,82.27548224423933,88.31434213016652,NA,256.0,NA,1.1,0.2,0.85,8.787156555980099,60.77077130381042,51.98361474783032,56.45071287726332,0.503822324224303,mistral,hariel,zero-shot,0.488880890928662,0.287759901504793,0.4139703458471923,R1,40.85274510540845,0.6
0.3877770124151169,0.7923703998327255,13.408150332668072,0.7915597223524021,llama3_cfg_2,few-shot | hariel | llama3 | llama3_cfg_2 | R2 | temp=0.2 | top_p=0.9 | rep=1.1 | max_new=256.0 | do_sample=NA | ngram=NA,0.5267025641967392,0.0,-5.139006567261513,83.175335562905,88.31434213016652,NA,256.0,NA,1.1,0.2,0.9,16.513307754789018,68.49692250261934,51.98361474783032,56.42626990842376,0.4822346856737287,llama3,hariel,few-shot,0.459836810095836,0.257257169593742,0.3825687219135483,R2,41.21908985852456,0.6
0.2470640621809439,0.8080211013555527,15.4302957487556,0.7652340713525766,llama3_cfg_1,few-shot | hariel | llama3 | llama3_cfg_1 | R0 | temp=0.2 | top_p=0.85 | rep=1.05 | max_new=256.0 | do_sample=NA | ngram=NA,0.4282078701293308,0.0,-1.2645368102704395,87.04980531989608,88.31434213016652,NA,256.0,NA,1.05,0.2,0.85,20.08858338000075,72.07219812783107,51.98361474783032,56.40596122269267,0.5570164519196841,llama3,hariel,few-shot,0.4965897857960201,0.2960888725700343,0.4227934674427918,R0,40.14186194745093,0.6
0.4114589334825979,0.7948837429285049,13.424919408827453,0.8005275037641244,llama3_cfg_1,few-shot | nancy | llama3 | llama3_cfg_1 | R1 | temp=0.3 | top_p=0.9 | rep=1.15 | max_new=256.0 | do_sample=NA | ngram=NA,0.5373713183116555,0.0,-6.866333603385991,81.44800852678051,88.31434213016652,NA,256.0,NA,1.15,0.3,0.9,15.156126881098682,67.139741628929,51.98361474783032,56.34065168884938,0.4945298625202438,llama3,nancy,few-shot,0.4547625147858877,0.2600102331368735,0.3723308572180241,R1,40.9088366195153,0.75
0.3532444948403794,0.8020127296447754,13.659721038347351,0.9726205638449512,nancy_mistral_cfg_1,zero-shot | nancy | mistral | nancy_mistral_cfg_1 | R0 | temp=0.7 | top_p=0.9 | rep=1.1 | max_new=512.0 | do_sample=True | ngram=4.0,0.4036857387868428,0.0,-7.474442694679387,80.83989943548713,88.31434213016652,True,512.0,4.0,1.1,0.7,0.9,12.18094903094153,64.16456377877185,51.98361474783032,56.28267844175815,0.5241465241984318,mistral,nancy,zero-shot,0.4924436269540088,0.2918864481964495,0.4082204471260663,R0,40.33694875994522,1.0
0.3457657868143239,0.7972082883119583,12.675897023133343,0.972868535843864,hariel_mistral_cfg_3,zero-shot | hariel | mistral | hariel_mistral_cfg_3 | R0 | temp=0.2 | top_p=0.85 | rep=1.1 | max_new=256.0 | do_sample=NA | ngram=NA,0.4026835772177726,0.0,-5.391962847624629,82.92237928254188,88.31434213016652,NA,256.0,NA,1.1,0.2,0.85,13.338409708463676,65.322024456294,51.98361474783032,56.22003144785684,0.5398010342563195,mistral,hariel,zero-shot,0.4862295327687895,0.2718918156822404,0.4085605139491533,R0,40.55283319229751,0.8
0.3791245957100541,0.7964147865772248,12.531407856798497,1.1106394058521374,hariel_mistral_cfg_2,zero-shot | hariel | mistral | hariel_mistral_cfg_2 | R1 | temp=0.1 | top_p=0.85 | rep=1.1 | max_new=256.0 | do_sample=NA | ngram=NA,0.4136665125779844,0.0,-6.340527291187934,81.97381483897858,88.31434213016652,NA,256.0,NA,1.1,0.1,0.85,7.596422366141729,59.58003711397206,51.98361474783032,56.195682589956554,0.4887770591356364,mistral,hariel,zero-shot,0.4762389946689573,0.2685034790358974,0.4033774840554112,R1,40.56515187811261,0.55
0.4895532239016131,0.7924735367298126,11.302198375651864,0.8437990085719969,hariel_llama3_cfg_3,zero-shot | hariel | llama3 | hariel_llama3_cfg_3 | R4 | temp=0.3 | top_p=0.9 | rep=1.15 | max_new=256.0 | do_sample=NA | ngram=NA,0.5765589918522015,0.0,-1.7649511371335982,86.54939099303292,88.31434213016652,NA,256.0,NA,1.15,0.3,0.9,20.684757789583045,72.66837253741338,51.98361474783032,56.09485715532108,0.430649415881435,llama3,hariel,zero-shot,0.4270360870497706,0.2267528836238202,0.3652411039737934,R4,40.65985947688097,0.8
0.3596630394616328,0.7995883256196976,12.85575669862165,0.8406326982168764,llama3_cfg_2,few-shot | nancy | llama3 | llama3_cfg_2 | R0 | temp=0.7 | top_p=0.9 | rep=1.1 | max_new=512.0 | do_sample=NA | ngram=NA,0.4738486238243073,0.0,-5.000126692591094,83.31421543757543,88.31434213016652,NA,512.0,NA,1.1,0.7,0.9,12.310704481062922,64.29431922889324,51.98361474783032,56.07275751427746,0.5230087744848617,llama3,nancy,few-shot,0.4461626901872966,0.2580974753089899,0.3876237620392337,R0,40.1487074824826,0.55
0.4302551863561057,0.7998507112264633,13.214296314155382,1.2264201009469695,mistral_cfg_3,few-shot | hariel | mistral | mistral_cfg_3 | R0 | temp=0.2 | top_p=0.85 | rep=1.1 | max_new=256.0 | do_sample=NA | ngram=NA,0.3634367479446149,0.0,-6.375501393658442,81.93884073650807,88.31434213016652,NA,256.0,NA,1.1,0.2,0.85,6.056825038926043,58.04043978675637,51.98361474783032,56.03416519940616,0.4682895490287803,mistral,hariel,few-shot,0.4708245344297042,0.2747594890025885,0.4147076216356878,R0,40.06689458391271,0.75
0.4775688802695748,0.7948023200035095,13.345581871532394,1.4098162426116536,mistral_cfg_1,few-shot | hariel | mistral | mistral_cfg_1 | R4 | temp=0.3 | top_p=0.9 | rep=1.1 | max_new=256.0 | do_sample=NA | ngram=NA,0.331331488180092,0.0,-5.680600962820366,82.63374116734614,88.31434213016652,NA,256.0,NA,1.1,0.3,0.9,-2.1075721271361245,49.87604262069421,51.98361474783032,56.033261872286054,0.4660875488790032,mistral,hariel,few-shot,0.4561894429900812,0.2624161203690293,0.4054921640504988,R4,40.401948453576125,0.6
0.3897054910823451,0.8033660233020783,11.783828480559496,0.769153685965799,hariel_llama3_cfg_1,zero-shot | hariel | llama3 | hariel_llama3_cfg_1 | R3 | temp=0.2 | top_p=0.85 | rep=1.05 | max_new=256.0 | do_sample=NA | ngram=NA,0.5429739587035837,0.0,-1.3537593280656868,86.96058280210083,88.31434213016652,NA,256.0,NA,1.05,0.2,0.85,23.83120009385026,75.81481484168059,51.98361474783032,56.032998613665825,0.4405593121447627,llama3,hariel,zero-shot,0.4615684424227072,0.2422960538267606,0.3922028559821803,R3,39.83059613597116,0.85
0.4519891790210197,0.7830687314271927,11.86998219781167,1.1484208226116377,hariel_mistral_cfg_3,zero-shot | hariel | mistral | hariel_mistral_cfg_3 | R4 | temp=0.2 | top_p=0.85 | rep=1.1 | max_new=256.0 | do_sample=NA | ngram=NA,0.453794933126565,0.0,-6.018306930248535,82.29603519991798,88.31434213016652,NA,256.0,NA,1.1,0.2,0.85,15.64146869410206,67.62508344193239,51.98361474783032,55.98714181879545,0.4068318468524774,mistral,hariel,zero-shot,0.4308088563414564,0.249273998604067,0.3583849399142649,R4,41.107320936179576,1.75
0.4115569873656245,0.7956530690193176,10.730601976592338,0.7642780516132094,hariel_llama3_cfg_1,zero-shot | hariel | llama3 | hariel_llama3_cfg_1 | R4 | temp=0.2 | top_p=0.85 | rep=1.05 | max_new=256.0 | do_sample=NA | ngram=NA,0.562146439795775,0.0,-3.942234244497764,84.37210788566874,88.31434213016652,NA,256.0,NA,1.05,0.2,0.85,17.107552877895248,69.09116762572557,51.98361474783032,55.9305315377228,0.4426961796511324,llama3,hariel,zero-shot,0.4474942621208496,0.253076376920173,0.3847866528270963,R4,40.17401462825016,0.5
0.4949522245131215,0.7913865834474564,12.624830185713275,1.559628621039383,mistral_cfg_2,few-shot | hariel | mistral | mistral_cfg_2 | R3 | temp=0.1 | top_p=0.85 | rep=1.1 | max_new=256.0 | do_sample=NA | ngram=NA,0.3546825974354698,0.0,-5.4185696971367205,82.89577243302979,88.31434213016652,NA,256.0,NA,1.1,0.1,0.85,4.016329225179829,55.99994397301016,51.98361474783032,55.91614187044231,0.380055687277568,mistral,hariel,few-shot,0.4345417778156856,0.2408328090226218,0.3753569837715756,R3,40.43446422090676,0.8
0.4839381949459186,0.792453619837761,12.054414840609406,1.444017915504905,mistral_cfg_3,few-shot | hariel | mistral | mistral_cfg_3 | R1 | temp=0.2 | top_p=0.85 | rep=1.1 | max_new=256.0 | do_sample=NA | ngram=NA,0.3442801616520081,0.0,-6.118148126838579,82.19619400332793,88.31434213016652,NA,256.0,NA,1.1,0.2,0.85,4.14223971113978,56.1258544589701,51.98361474783032,55.860230307809935,0.4303660526106745,mistral,hariel,few-shot,0.4596353049566645,0.2735813183989067,0.4024211744174751,R1,40.2701425238325,0.85
0.424025980632416,0.7961837410926819,12.22955775529442,0.7912784755568526,hariel_llama3_cfg_2,zero-shot | hariel | llama3 | hariel_llama3_cfg_2 | R0 | temp=0.2 | top_p=0.9 | rep=1.1 | max_new=256.0 | do_sample=NA | ngram=NA,0.5403414460057625,0.0,-1.6772717687544738,86.63707036141204,88.31434213016652,NA,256.0,NA,1.1,0.2,0.9,21.710813794182663,73.69442854201299,51.98361474783032,55.85701774977487,0.4597564813859593,llama3,hariel,zero-shot,0.4481397368497332,0.2485646457460135,0.3772696987848418,R0,40.01611351011265,0.9
0.4307946438520017,0.7866055339574813,11.56909078511735,0.7897809686224088,llama3_cfg_3,few-shot | hariel | llama3 | llama3_cfg_3 | R3 | temp=0.3 | top_p=0.9 | rep=1.15 | max_new=256.0 | do_sample=NA | ngram=NA,0.5545363538392614,0.0,-3.705534795969621,84.60880733419688,88.31434213016652,NA,256.0,NA,1.15,0.3,0.9,20.086282003047607,72.06989675087793,51.98361474783032,55.83667105480539,0.4774150320921884,llama3,hariel,few-shot,0.4153519620526881,0.2358066474080601,0.3419355329840945,R3,40.620749494176906,0.75
0.4010264629243868,0.7895285755395889,12.74360599010677,1.0041098770829333,hariel_mistral_cfg_1,zero-shot | hariel | mistral | hariel_mistral_cfg_1 | R3 | temp=0.3 | top_p=0.9 | rep=1.1 | max_new=256.0 | do_sample=NA | ngram=NA,0.4456699751086866,0.0,-8.534401355672703,79.77994077449381,88.31434213016652,NA,256.0,NA,1.1,0.3,0.9,13.11291833673551,65.09653308456583,51.98361474783032,55.82059335748498,0.465524454593669,mistral,hariel,zero-shot,0.4441656498613328,0.2438653912329191,0.3729584675497391,R3,40.39908389316904,1.5
0.478027481664078,0.7965575158596039,12.081081182715844,1.3582782082486835,mistral_cfg_3,few-shot | hariel | mistral | mistral_cfg_3 | R2 | temp=0.2 | top_p=0.85 | rep=1.1 | max_new=256.0 | do_sample=NA | ngram=NA,0.3664085415826189,0.0,-7.927541683815844,80.38680044635068,88.31434213016652,NA,256.0,NA,1.1,0.2,0.85,3.426612905412739,55.41022765324307,51.98361474783032,55.79251920709924,0.4319693617345944,mistral,hariel,few-shot,0.4519938545171033,0.2603366256070514,0.3981677443513478,R2,39.88369762119181,0.85
0.4904450743843999,0.7888829499483109,11.886855229055053,0.8074707575486528,nancy_llama3_cfg_2,zero-shot | nancy | llama3 | nancy_llama3_cfg_2 | R2 | temp=0.7 | top_p=0.9 | rep=1.1 | max_new=512.0 | do_sample=True | ngram=4.0,0.5969301932891674,0.0,-2.676430992992465,85.63791113717404,88.31434213016652,True,512.0,4.0,1.1,0.7,0.9,21.898164103921093,73.88177885175142,51.98361474783032,55.764626576291455,0.4115928812755192,llama3,nancy,zero-shot,0.3988731217330202,0.2150576302949831,0.349667523348882,R2,40.34884763059837,0.85
0.48942417718824,0.7899058997631073,11.886536409934015,1.4091288160180988,mistral_cfg_1,few-shot | hariel | mistral | mistral_cfg_1 | R1 | temp=0.3 | top_p=0.9 | rep=1.1 | max_new=256.0 | do_sample=NA | ngram=NA,0.3593059565891934,0.0,-5.8457570728300565,82.46858505733645,88.31434213016652,NA,256.0,NA,1.1,0.3,0.9,6.03331171809995,58.01692646593027,51.98361474783032,55.739786601672236,0.4887836445097618,mistral,hariel,few-shot,0.4470551503590652,0.2566143444247552,0.3977218031379729,R1,40.2392510185799,1.1
0.4303377376115091,0.7878625422716141,10.583385074686802,1.2098089742035938,hariel_mistral_cfg_2,zero-shot | hariel | mistral | hariel_mistral_cfg_2 | R4 | temp=0.1 | top_p=0.85 | rep=1.1 | max_new=256.0 | do_sample=NA | ngram=NA,0.4520804512298784,0.0,-5.067097731019173,83.24724439914733,88.31434213016652,NA,256.0,NA,1.1,0.1,0.85,16.190582244424228,68.17419699225455,51.98361474783032,55.721960448764094,0.4286334121257543,mistral,hariel,zero-shot,0.4314697416834038,0.2392582412496461,0.3569156209039111,R4,40.345764596499215,2.05
0.3892785246078631,0.7961443781852722,12.699615207115391,1.0192970040489,nancy_mistral_cfg_2,zero-shot | nancy | mistral | nancy_mistral_cfg_2 | R0 | temp=0.3 | top_p=0.9 | rep=1.15 | max_new=400.0 | do_sample=True | ngram=4.0,0.4325550975083171,0.0,-5.451534573789514,82.86280755637699,88.31434213016652,True,400.0,4.0,1.15,0.3,0.9,12.167242292069016,64.15085703989935,51.98361474783032,55.71255838809661,0.4872067436529296,mistral,nancy,zero-shot,0.4710357165777415,0.2639509306300237,0.3999665278524068,R0,39.77797210114288,0.75
0.3955494120508082,0.7954432219266891,12.40805208357131,1.1318082509480816,hariel_mistral_cfg_1,zero-shot | hariel | mistral | hariel_mistral_cfg_1 | R1 | temp=0.3 | top_p=0.9 | rep=1.1 | max_new=256.0 | do_sample=NA | ngram=NA,0.40032621103937,0.0,-5.400632687360459,82.91370944280605,88.31434213016652,NA,256.0,NA,1.1,0.3,0.9,14.67674922673579,66.66036397456612,51.98361474783032,55.70437280543733,0.4918569108986972,mistral,hariel,zero-shot,0.4678441079054026,0.2610982515558888,0.3947302298774028,R1,39.811073213949605,1.35
0.3952757488400562,0.7846686094999313,12.228606470313307,0.8074471085433116,llama3_cfg_1,few-shot | nancy | llama3 | llama3_cfg_1 | R2 | temp=0.3 | top_p=0.9 | rep=1.15 | max_new=256.0 | do_sample=NA | ngram=NA,0.545013779903282,0.0,-6.969051583704411,81.34529054646211,88.31434213016652,NA,256.0,NA,1.15,0.3,0.9,20.26394702679519,72.24756177462551,51.98361474783032,55.681622805049976,0.4545492125381531,llama3,nancy,few-shot,0.4371920281637341,0.2354314595531506,0.3595790893227746,R2,40.49146404175454,0.8
0.4095202372854614,0.7901872545480728,11.761786799641497,1.1482152006007944,hariel_mistral_cfg_2,zero-shot | hariel | mistral | hariel_mistral_cfg_2 | R2 | temp=0.1 | top_p=0.85 | rep=1.1 | max_new=256.0 | do_sample=NA | ngram=NA,0.4294010976422543,0.0,-5.9096941080158505,82.40464802215067,88.31434213016652,NA,256.0,NA,1.1,0.1,0.85,16.016211030512327,67.99982577834265,51.98361474783032,55.66137472751498,0.4955851949296893,mistral,hariel,zero-shot,0.4486954047427979,0.2538682302043414,0.3853741097545026,R2,40.08980757598679,1.35
0.4808645917127433,0.789797168970108,12.83463269579355,1.506428630301909,mistral_cfg_3,few-shot | hariel | mistral | mistral_cfg_3 | R3 | temp=0.2 | top_p=0.85 | rep=1.1 | max_new=256.0 | do_sample=NA | ngram=NA,0.3237280475579802,0.0,-6.463266082439604,81.8510760477269,88.31434213016652,NA,256.0,NA,1.1,0.2,0.85,-1.171501125349586,50.81211362248074,51.98361474783032,55.63510920879487,0.3967686062622184,mistral,hariel,few-shot,0.4516025298587371,0.2642214959012798,0.3985719652339136,R3,40.07203741665092,0.65
0.4677348260716205,0.7954983800649643,11.76529471942186,1.311973892564034,mistral_cfg_2,few-shot | hariel | mistral | mistral_cfg_2 | R2 | temp=0.1 | top_p=0.85 | rep=1.1 | max_new=256.0 | do_sample=NA | ngram=NA,0.371498793807842,0.0,-4.203580897694304,84.1107612324722,88.31434213016652,NA,256.0,NA,1.1,0.1,0.85,5.944493076917,57.92810782474733,51.98361474783032,55.50020114401419,0.434538798157044,mistral,hariel,few-shot,0.4509112046532835,0.2522928325042982,0.3995046249313733,R2,39.46710990235937,0.6
0.4794339372312299,0.776105335354805,11.308582094917632,1.290189867115774,nancy_mistral_cfg_1,zero-shot | nancy | mistral | nancy_mistral_cfg_1 | R3 | temp=0.7 | top_p=0.9 | rep=1.1 | max_new=512.0 | do_sample=True | ngram=4.0,0.4554203761137307,0.0,-4.955703204948097,83.35863892521841,88.31434213016652,True,512.0,4.0,1.1,0.7,0.9,14.190232065311752,66.17384681314208,51.98361474783032,55.487281534475926,0.418082244933508,mistral,nancy,zero-shot,0.4296917592667819,0.2424254667916145,0.3687916776205919,R3,40.73844686713954,1.2
0.3942886134470216,0.7870798677206039,12.998022140053086,1.0898481725984566,hariel_mistral_cfg_1,zero-shot | hariel | mistral | hariel_mistral_cfg_1 | R0 | temp=0.3 | top_p=0.9 | rep=1.1 | max_new=256.0 | do_sample=NA | ngram=NA,0.4154039505776253,0.0,-4.326172274550855,83.98816985561567,88.31434213016652,NA,256.0,NA,1.1,0.3,0.9,14.0854537091913,66.06906845702163,51.98361474783032,55.485181852598274,0.4868086724258361,mistral,hariel,zero-shot,0.4613754495280677,0.2569193842405493,0.3966011782736268,R0,40.00331190629019,0.75
0.4772020960026626,0.7931990802288056,11.43160218300334,1.5702299984826549,mistral_cfg_2,few-shot | hariel | mistral | mistral_cfg_2 | R1 | temp=0.1 | top_p=0.85 | rep=1.1 | max_new=256.0 | do_sample=NA | ngram=NA,0.3368143807906536,0.0,-2.754218079581892,85.56012405058462,88.31434213016652,NA,256.0,NA,1.1,0.1,0.85,7.210774366266608,59.19438911409693,51.98361474783032,55.47245722824097,0.4128087910467638,mistral,hariel,few-shot,0.4388480562439512,0.2537796629687259,0.3992550133699036,R1,39.57415669848125,0.85
0.51558940053072,0.7821228265762329,10.97021081575448,1.5744977492700027,mistral_cfg_1,few-shot | hariel | mistral | mistral_cfg_1 | R3 | temp=0.3 | top_p=0.9 | rep=1.1 | max_new=256.0 | do_sample=NA | ngram=NA,0.3518511724256878,0.0,-2.660204440812734,85.65413768935377,88.31434213016652,NA,256.0,NA,1.1,0.3,0.9,4.7987714272361695,56.78238617506649,51.98361474783032,55.39523920758049,0.4176535895198419,mistral,hariel,few-shot,0.4269636185518718,0.2416185152935632,0.3770145994836867,R3,40.18387690755196,0.8
0.4596288473122033,0.7907696396112442,10.701714377175122,0.7833594241013084,hariel_llama3_cfg_2,zero-shot | hariel | llama3 | hariel_llama3_cfg_2 | R2 | temp=0.2 | top_p=0.9 | rep=1.1 | max_new=256.0 | do_sample=NA | ngram=NA,0.5778046738268666,0.0,-2.0054779521918515,86.30886417797466,88.31434213016652,NA,256.0,NA,1.1,0.2,0.9,22.029125769914927,74.01274051774524,51.98361474783032,55.37723098232667,0.4525153107496285,llama3,hariel,zero-shot,0.4266770899814654,0.2345026349773916,0.3744922895340675,R2,39.57740899646151,0.75
0.4577974055358127,0.7892941474914551,10.503732589160942,0.7929230074863711,hariel_llama3_cfg_2,zero-shot | hariel | llama3 | hariel_llama3_cfg_2 | R4 | temp=0.2 | top_p=0.9 | rep=1.1 | max_new=256.0 | do_sample=NA | ngram=NA,0.5758775809361982,0.0,-3.77271865071192,84.5416234794546,88.31434213016652,NA,256.0,NA,1.1,0.2,0.9,20.70635885665921,72.68997360448954,51.98361474783032,55.37008592265299,0.4606561357206254,llama3,hariel,zero-shot,0.4277643407593478,0.23482812000549,0.3748221204237932,R4,39.66386670499131,0.85
0.3887083601083966,0.7904146194458008,11.846653135603528,1.086321326224696,hariel_mistral_cfg_3,zero-shot | hariel | mistral | hariel_mistral_cfg_3 | R2 | temp=0.2 | top_p=0.85 | rep=1.1 | max_new=256.0 | do_sample=NA | ngram=NA,0.430753058932969,0.0,-5.942864476353845,82.37147765381266,88.31434213016652,NA,256.0,NA,1.1,0.2,0.85,14.214347741778411,66.19796248960873,51.98361474783032,55.36192540416061,0.4750516584150627,mistral,hariel,zero-shot,0.4562492921267881,0.2560297146030884,0.3903533178667837,R2,39.57556771054763,1.15
0.4635003778243968,0.7850923150777817,13.1401589214745,1.4055310837426005,mistral_cfg_1,few-shot | hariel | mistral | mistral_cfg_1 | R0 | temp=0.3 | top_p=0.9 | rep=1.1 | max_new=256.0 | do_sample=NA | ngram=NA,0.3419186572072602,0.0,-4.678136009620311,83.6362061205462,88.31434213016652,NA,256.0,NA,1.1,0.3,0.9,4.859203745515535,56.84281849334586,51.98361474783032,55.3091531086679,0.440281863804451,mistral,hariel,few-shot,0.4519960576680869,0.267974963472209,0.399651359194165,R0,39.84243417592772,0.75
0.3858185342218284,0.7907137542963028,13.29380051382403,0.7780400219937145,llama3_cfg_2,few-shot | hariel | llama3 | llama3_cfg_2 | R4 | temp=0.2 | top_p=0.9 | rep=1.1 | max_new=256.0 | do_sample=NA | ngram=NA,0.5202731835562122,0.0,-4.603959601781126,83.7103825283854,88.31434213016652,NA,256.0,NA,1.1,0.2,0.9,17.741097889403726,69.72471263723405,51.98361474783032,55.280330378578746,0.502895058373084,llama3,hariel,few-shot,0.4238834326473293,0.2481939526705271,0.3696485258586027,R4,39.41963367787773,0.6
0.4485265719144523,0.7856744766235352,12.575512303724189,1.4617311585553838,mistral_cfg_1,few-shot | nancy | mistral | mistral_cfg_1 | R2 | temp=0.7 | top_p=0.9 | rep=1.1 | max_new=512.0 | do_sample=NA | ngram=NA,0.3322390281182239,0.0,-5.019550431943336,83.29479169822318,88.31434213016652,NA,512.0,NA,1.1,0.7,0.9,-0.0045918548581006,51.97902289297223,51.98361474783032,55.27961075911843,0.4103221939919315,mistral,nancy,few-shot,0.4372250588459721,0.2395803731756003,0.3868437624717794,R2,39.75438615696171,0.55
0.4755382665580033,0.7978066146373749,12.224434442553523,0.7934101638451482,nancy_llama3_cfg_2,zero-shot | nancy | llama3 | nancy_llama3_cfg_2 | R1 | temp=0.7 | top_p=0.9 | rep=1.1 | max_new=512.0 | do_sample=True | ngram=4.0,0.5900278759312508,0.0,-1.5508786638082992,86.76346346635822,88.31434213016652,True,512.0,4.0,1.1,0.7,0.9,24.12799057184189,76.11160531967222,51.98361474783032,55.27012279217148,0.3976451238042032,llama3,nancy,zero-shot,0.4087812290481628,0.2072451990950322,0.3572524891806499,R1,38.92976367779414,1.0
0.3951921617132617,0.794481948018074,11.514319353444291,0.7342876556661064,hariel_llama3_cfg_1,zero-shot | hariel | llama3 | hariel_llama3_cfg_1 | R2 | temp=0.2 | top_p=0.85 | rep=1.05 | max_new=256.0 | do_sample=NA | ngram=NA,0.5573733923655754,0.0,-2.26341299407148,86.05092913609504,88.31434213016652,NA,256.0,NA,1.05,0.2,0.85,23.06059431425092,75.04420906208125,51.98361474783032,55.2327252881241,0.4562935421061365,llama3,hariel,zero-shot,0.4446447229502112,0.2309320907422981,0.3763770725222164,R2,39.08907894566856,0.75
0.3813050023186525,0.7867839723825455,11.27428470110022,1.0903732094695402,hariel_mistral_cfg_2,zero-shot | hariel | mistral | hariel_mistral_cfg_2 | R0 | temp=0.1 | top_p=0.85 | rep=1.1 | max_new=256.0 | do_sample=NA | ngram=NA,0.4022084633578195,0.0,-2.5810206006941168,85.73332152947239,88.31434213016652,NA,256.0,NA,1.1,0.1,0.85,13.302998216593602,65.28661296442392,51.98361474783032,55.22671688605471,0.4979023951494121,mistral,hariel,zero-shot,0.4621652161511945,0.25547740236943,0.3836106724078408,R0,39.592263317921486,0.55
0.4629477248737512,0.7912096351385116,11.802504979098156,1.3817571031662643,mistral_cfg_1,few-shot | hariel | mistral | mistral_cfg_1 | R2 | temp=0.3 | top_p=0.9 | rep=1.1 | max_new=256.0 | do_sample=NA | ngram=NA,0.3413159107694882,0.0,-5.870690450099969,82.44365168006655,88.31434213016652,NA,256.0,NA,1.1,0.3,0.9,4.334154816542563,56.31776956437288,51.98361474783032,55.223049528234995,0.4654341497700856,mistral,hariel,few-shot,0.4676342308166889,0.2708377561673942,0.4061580513056485,R2,39.29110687115755,0.8
0.4063895825143351,0.8012609332799911,13.63963388642932,1.180985796024531,mistral_cfg_2,few-shot | hariel | mistral | mistral_cfg_2 | R0 | temp=0.1 | top_p=0.85 | rep=1.1 | max_new=256.0 | do_sample=NA | ngram=NA,0.3455920698729032,0.0,-3.554004184021667,84.76033794614484,88.31434213016652,NA,256.0,NA,1.1,0.1,0.85,5.162113852330749,57.14572860016108,51.98361474783032,55.218782573903844,0.5059873210075732,mistral,hariel,few-shot,0.4635818759398287,0.2780516170931323,0.4122732571256244,R0,38.61390873784033,0.6
0.4160269216126541,0.7872726887464523,10.861643080571564,1.0254913507929293,hariel_mistral_cfg_2,zero-shot | hariel | mistral | hariel_mistral_cfg_2 | R3 | temp=0.1 | top_p=0.85 | rep=1.1 | max_new=256.0 | do_sample=NA | ngram=NA,0.4450885877390201,0.0,-7.911844019715488,80.40249811045103,88.31434213016652,NA,256.0,NA,1.1,0.1,0.85,12.60690976469631,64.59052451252663,51.98361474783032,55.20906467907204,0.4461829429089925,mistral,hariel,zero-shot,0.4428556784673311,0.2386680333059337,0.3674275023826381,R3,39.53026188202325,1.3
0.4527726282603067,0.7833481848239898,11.354206097563416,0.7879629917023108,llama3_cfg_3,few-shot | hariel | llama3 | llama3_cfg_3 | R4 | temp=0.3 | top_p=0.9 | rep=1.15 | max_new=256.0 | do_sample=NA | ngram=NA,0.5726273949841227,0.0,-4.906639323759892,83.40770280640662,88.31434213016652,NA,256.0,NA,1.15,0.3,0.9,16.399304223745954,68.38291897157629,51.98361474783032,55.14227914148239,0.4680660013724112,llama3,hariel,few-shot,0.4052435314976475,0.224931599823815,0.3358729607076781,R4,39.680586247538,0.5
0.4735186310703426,0.7861147403717041,12.28133591851176,1.313032512822764,mistral_cfg_2,few-shot | nancy | mistral | mistral_cfg_2 | R0 | temp=0.3 | top_p=0.9 | rep=1.15 | max_new=400.0 | do_sample=NA | ngram=NA,0.3700848822186808,0.0,-8.318262341492531,79.99607978867398,88.31434213016652,NA,400.0,NA,1.15,0.3,0.9,4.6743964110494485,56.65801115887977,51.98361474783032,55.1076665577221,0.4226476060509213,mistral,nancy,few-shot,0.4502084787947525,0.2581790339275013,0.388034280519814,R0,39.438461571423225,1.0
0.4185593657297355,0.7873198181390763,11.42558603821066,1.2282068129079524,nancy_mistral_cfg_1,zero-shot | nancy | mistral | nancy_mistral_cfg_1 | R1 | temp=0.7 | top_p=0.9 | rep=1.1 | max_new=512.0 | do_sample=True | ngram=4.0,0.3970301844256453,0.0,-3.3769995059797,84.93734262418681,88.31434213016652,True,512.0,4.0,1.1,0.7,0.9,13.295514285293908,65.27912903312424,51.98361474783032,55.09994561191483,0.4495611050941804,mistral,nancy,zero-shot,0.4591626387073459,0.2586837980483224,0.3885710149450038,R1,39.34525481058631,1.35
0.4922619062750891,0.786613929271698,10.293319876601815,0.7953680254467633,hariel_llama3_cfg_3,zero-shot | hariel | llama3 | hariel_llama3_cfg_3 | R2 | temp=0.3 | top_p=0.9 | rep=1.15 | max_new=256.0 | do_sample=NA | ngram=NA,0.6042831521384269,0.0,-2.606235758492968,85.70810637167355,88.31434213016652,NA,256.0,NA,1.15,0.3,0.9,23.06933856074733,75.05295330857766,51.98361474783032,55.031380887190295,0.4082839088055053,llama3,hariel,zero-shot,0.4045682755436562,0.2079583056582094,0.354227586396694,R2,39.27803952720396,1.0
0.5301990524202125,0.7842223435640335,10.512395439360947,0.8577417543787925,hariel_llama3_cfg_3,zero-shot | hariel | llama3 | hariel_llama3_cfg_3 | R1 | temp=0.3 | top_p=0.9 | rep=1.15 | max_new=256.0 | do_sample=NA | ngram=NA,0.6137106941435887,0.0,-4.812107643870797,83.50223448629572,88.31434213016652,NA,256.0,NA,1.15,0.3,0.9,16.184634217994518,68.16824896582484,51.98361474783032,55.02112803868417,0.3874327987744935,llama3,hariel,zero-shot,0.4022923004828292,0.2148891072411367,0.3471295093232681,R1,39.42039049353805,0.5
0.4281100199965671,0.782053965330124,11.496378325185796,1.1742809092819668,hariel_mistral_cfg_1,zero-shot | hariel | mistral | hariel_mistral_cfg_1 | R2 | temp=0.3 | top_p=0.9 | rep=1.1 | max_new=256.0 | do_sample=NA | ngram=NA,0.430156680125531,0.0,-5.300844220320502,83.01349790984601,88.31434213016652,NA,256.0,NA,1.1,0.3,0.9,17.04287146555269,69.02648621338302,51.98361474783032,55.00470585381919,0.4889755462765877,mistral,hariel,zero-shot,0.4337526743051736,0.2417278960309596,0.3673861610762725,R2,39.537578734357055,2.05
0.5200151244865288,0.7800176501274109,10.037955977438475,1.5171754639329786,mistral_cfg_2,few-shot | nancy | mistral | mistral_cfg_2 | R3 | temp=0.3 | top_p=0.9 | rep=1.15 | max_new=400.0 | do_sample=NA | ngram=NA,0.3597398062141493,0.0,-7.593588141667122,80.7207539884994,88.31434213016652,NA,400.0,NA,1.15,0.3,0.9,1.9038565506749687,53.8874712985053,51.98361474783032,54.96065061648247,0.3764605227946496,mistral,nancy,few-shot,0.4206970975252513,0.2228332249743791,0.3518277019360661,R3,39.59990768564338,0.85
0.487955439923004,0.780611315369606,12.05024155868758,1.5234370761112186,mistral_cfg_1,few-shot | nancy | mistral | mistral_cfg_1 | R4 | temp=0.7 | top_p=0.9 | rep=1.1 | max_new=512.0 | do_sample=NA | ngram=NA,0.3310592276066922,0.0,-6.946803773883753,81.36753835628276,88.31434213016652,NA,512.0,NA,1.1,0.7,0.9,2.727969596554594,54.71158434438492,51.98361474783032,54.958824112322425,0.4425805336378426,mistral,nancy,few-shot,0.4399020187468275,0.2368237221488935,0.3890180311460353,R4,39.55728582923031,0.95
0.5315422509318526,0.787269052863121,9.523491793456198,0.8170906734738056,nancy_llama3_cfg_1,zero-shot | nancy | llama3 | nancy_llama3_cfg_1 | R3 | temp=0.3 | top_p=0.9 | rep=1.15 | max_new=256.0 | do_sample=True | ngram=4.0,0.6305663725637005,0.0,-4.7473672876146455,83.56697484255187,88.31434213016652,True,256.0,4.0,1.15,0.3,0.9,19.23778120174904,71.22139594957936,51.98361474783032,54.87055683776042,0.3934277623083072,llama3,nancy,zero-shot,0.3946332678308146,0.1851818639504134,0.3436166893711725,R3,38.96632453872597,0.85
0.4840441242846424,0.7869158267974854,10.228552563243984,0.8205591193087945,nancy_llama3_cfg_2,zero-shot | nancy | llama3 | nancy_llama3_cfg_2 | R4 | temp=0.7 | top_p=0.9 | rep=1.1 | max_new=512.0 | do_sample=True | ngram=4.0,0.580805720997165,0.0,-0.1957818443026905,88.11856028586382,88.31434213016652,True,512.0,4.0,1.1,0.7,0.9,23.023105106523523,75.00671985435386,51.98361474783032,54.82090720894854,0.4261332400288333,llama3,nancy,zero-shot,0.4221493479263274,0.218765348094469,0.3738434844198818,R4,38.90712356174854,0.8
0.3574687950815208,0.7835241943597794,12.980107312399449,0.7219557671908827,llama3_cfg_2,few-shot | nancy | llama3 | llama3_cfg_2 | R4 | temp=0.7 | top_p=0.9 | rep=1.1 | max_new=512.0 | do_sample=NA | ngram=NA,0.5391411266382323,0.0,-6.276072904972287,82.03826922519423,88.31434213016652,NA,512.0,NA,1.1,0.7,0.9,21.74044463278653,73.72405938061686,51.98361474783032,54.797723363646995,0.4544060793592663,llama3,nancy,few-shot,0.4144177733423227,0.2330481663644136,0.3575039558043072,R4,39.09459264875971,0.65
0.4387972585893145,0.7926708817481994,8.818386573269738,0.8046793721914949,nancy_llama3_cfg_2,zero-shot | nancy | llama3 | nancy_llama3_cfg_2 | R0 | temp=0.7 | top_p=0.9 | rep=1.1 | max_new=512.0 | do_sample=True | ngram=4.0,0.5628634701570725,0.0,-2.630846890707913,85.68349523945861,88.31434213016652,True,512.0,4.0,1.1,0.7,0.9,21.8906631065875,73.87427785441783,51.98361474783032,54.7541317338477,0.405802021400515,llama3,nancy,zero-shot,0.4281946168017381,0.2059157599145659,0.3564644240817708,R0,38.412160773199545,0.85
0.5348347239530846,0.7756054788827896,10.34015821940289,1.5673266649501074,mistral_cfg_1,few-shot | nancy | mistral | mistral_cfg_1 | R0 | temp=0.7 | top_p=0.9 | rep=1.1 | max_new=512.0 | do_sample=NA | ngram=NA,0.3534493352180049,0.0,-5.863818325916731,82.45052380424978,88.31434213016652,NA,512.0,NA,1.1,0.7,0.9,3.107336139704433,55.09095088753476,51.98361474783032,54.74890312204057,0.4233482687330806,mistral,nancy,few-shot,0.4151991580279933,0.2390092954036228,0.3618098610544981,R0,39.54113994454831,0.95
0.5023865333621113,0.7857368469238282,11.094611976774235,1.519000046617358,mistral_cfg_2,few-shot | hariel | mistral | mistral_cfg_2 | R4 | temp=0.1 | top_p=0.85 | rep=1.1 | max_new=256.0 | do_sample=NA | ngram=NA,0.3598355364144125,0.0,-1.023416019101404,87.2909261110651,88.31434213016652,NA,256.0,NA,1.1,0.1,0.85,7.315070019279514,59.29868476710984,51.98361474783032,54.72075734103602,0.3593806978470343,mistral,hariel,few-shot,0.4150940361881659,0.2226984266343237,0.363142443546972,R4,38.81880577347149,1.05
0.5038510408253515,0.7905593454837799,8.677606718573347,0.790300751283642,hariel_llama3_cfg_2,zero-shot | hariel | llama3 | hariel_llama3_cfg_2 | R3 | temp=0.2 | top_p=0.9 | rep=1.1 | max_new=256.0 | do_sample=NA | ngram=NA,0.6090951825377123,0.0,-3.234641051097797,85.07970107906871,88.31434213016652,NA,256.0,NA,1.1,0.2,0.9,22.298210682787744,74.28182543061807,51.98361474783032,54.700366693559786,0.4103786967943407,llama3,hariel,zero-shot,0.4039952206223585,0.1935421448154531,0.3553985456298584,R3,38.46332145701432,0.9
0.4924740177266142,0.786447212100029,10.078463612727756,0.8046707562435781,hariel_llama3_cfg_3,zero-shot | hariel | llama3 | hariel_llama3_cfg_3 | R0 | temp=0.3 | top_p=0.9 | rep=1.15 | max_new=256.0 | do_sample=NA | ngram=NA,0.5891584618195231,0.0,-1.8664659471795928,86.44787618298692,88.31434213016652,NA,256.0,NA,1.15,0.3,0.9,21.84860639000372,73.83222113783404,51.98361474783032,54.65818177156701,0.4463820059906644,llama3,hariel,zero-shot,0.4016014042359673,0.2038820713018816,0.3300594778081063,R0,38.66715547927642,0.75
0.3966016997336844,0.7837432861328125,11.25091201420533,0.7491808932612296,llama3_cfg_2,few-shot | nancy | llama3 | llama3_cfg_2 | R3 | temp=0.7 | top_p=0.9 | rep=1.1 | max_new=512.0 | do_sample=NA | ngram=NA,0.5591798308594742,0.0,-9.369515765536416,78.94482636463009,88.31434213016652,NA,512.0,NA,1.1,0.7,0.9,17.792257745008765,69.7758724928391,51.98361474783032,54.623235785314776,0.4495157068695784,llama3,nancy,few-shot,0.422549238921881,0.229502229918415,0.3526615601597466,R3,38.7891739000038,0.7
0.4491693830806029,0.7792992383241654,9.749544062637083,1.2358928678857348,nancy_mistral_cfg_2,zero-shot | nancy | mistral | nancy_mistral_cfg_2 | R1 | temp=0.3 | top_p=0.9 | rep=1.15 | max_new=400.0 | do_sample=True | ngram=4.0,0.4067659039757668,0.0,-3.4044515291993904,84.90989060096713,88.31434213016652,True,400.0,4.0,1.15,0.3,0.9,10.057844108610524,62.041458856440855,51.98361474783032,54.531293957932704,0.4416803917559385,mistral,nancy,zero-shot,0.433300097431442,0.2300990893357802,0.3592062012130143,R1,38.93220737494349,0.95
0.4926495681851339,0.7886652857065201,9.949974306212596,0.7581872709908993,hariel_llama3_cfg_2,zero-shot | hariel | llama3 | hariel_llama3_cfg_2 | R1 | temp=0.2 | top_p=0.9 | rep=1.1 | max_new=256.0 | do_sample=NA | ngram=NA,0.6088458742461811,0.0,-0.8220269046443931,87.49231522552212,88.31434213016652,NA,256.0,NA,1.1,0.2,0.9,21.69733655232453,73.68095130015486,51.98361474783032,54.46417409151858,0.4030109367791945,llama3,hariel,zero-shot,0.4081360453570052,0.2038940499589832,0.359976014092553,R1,38.19593777209629,0.4
0.4693764431807423,0.7701512783765793,9.907854367758771,1.170301437926009,nancy_mistral_cfg_2,zero-shot | nancy | mistral | nancy_mistral_cfg_2 | R3 | temp=0.3 | top_p=0.9 | rep=1.15 | max_new=400.0 | do_sample=True | ngram=4.0,0.4642931640567827,0.0,-3.765892349659021,84.5484497805075,88.31434213016652,True,400.0,4.0,1.15,0.3,0.9,17.526164126775814,69.50977887460614,51.98361474783032,54.3786107738683,0.4043980196076823,mistral,nancy,zero-shot,0.4060219126249723,0.2155188776974559,0.3289494525821398,R3,39.28759939800855,1.25
0.4567609350944873,0.7916135013103485,10.012554255447377,0.8247656558530227,nancy_llama3_cfg_2,zero-shot | nancy | llama3 | nancy_llama3_cfg_2 | R3 | temp=0.7 | top_p=0.9 | rep=1.1 | max_new=512.0 | do_sample=True | ngram=4.0,0.5608087676934145,0.0,-3.2898749600115287,85.02446717015498,88.31434213016652,True,512.0,4.0,1.1,0.7,0.9,21.30901585410593,73.29263060193625,51.98361474783032,54.26031452684626,0.4373568598793333,llama3,nancy,zero-shot,0.4214896974653562,0.2172137735071035,0.3639794946430842,R3,37.65962412405387,1.2
0.4846143682328642,0.7687477737665176,11.276363793558058,1.1673906373535758,nancy_mistral_cfg_1,zero-shot | nancy | mistral | nancy_mistral_cfg_1 | R2 | temp=0.7 | top_p=0.9 | rep=1.1 | max_new=512.0 | do_sample=True | ngram=4.0,0.4664091441763046,0.0,0.2202542965345131,88.53459642670103,88.31434213016652,True,512.0,4.0,1.1,0.7,0.9,21.05997814128921,73.04359288911954,51.98361474783032,54.25420252789122,0.431919994345437,mistral,nancy,zero-shot,0.4042747936376488,0.2365192624570183,0.3394374901027447,R2,39.17381929538419,1.45
0.4655000093032315,0.7671246290206909,10.884579145453966,1.30290124174338,nancy_mistral_cfg_1,zero-shot | nancy | mistral | nancy_mistral_cfg_1 | R4 | temp=0.7 | top_p=0.9 | rep=1.1 | max_new=512.0 | do_sample=True | ngram=4.0,0.4415929330679692,0.0,-6.21595284135142,82.09838928881508,88.31434213016652,True,512.0,4.0,1.1,0.7,0.9,16.557712766826892,68.54132751465723,51.98361474783032,54.244456192426924,0.3697887835323215,mistral,nancy,zero-shot,0.4262288675490397,0.2397861048130551,0.3592072628829578,R4,39.265785052665485,1.5
0.5176843635326296,0.7853067010641098,8.402957042412934,0.8053671465627312,hariel_llama3_cfg_3,zero-shot | hariel | llama3 | hariel_llama3_cfg_3 | R3 | temp=0.3 | top_p=0.9 | rep=1.15 | max_new=256.0 | do_sample=NA | ngram=NA,0.619312208300461,0.0,-3.683361853689321,84.63098027647719,88.31434213016652,NA,256.0,NA,1.15,0.3,0.9,21.228122135893503,73.21173688372383,51.98361474783032,54.178092334317384,0.4111436260035322,llama3,hariel,zero-shot,0.3886713082491906,0.1933512073152033,0.3444196924113822,R3,37.94304048625498,0.9
0.514014622042916,0.7882855921983719,9.618967456280906,0.7787450081732257,nancy_llama3_cfg_1,zero-shot | nancy | llama3 | nancy_llama3_cfg_1 | R0 | temp=0.3 | top_p=0.9 | rep=1.15 | max_new=256.0 | do_sample=True | ngram=4.0,0.6136908783673893,0.0,-3.897428397146862,84.41691373301964,88.31434213016652,True,256.0,4.0,1.15,0.3,0.9,20.758209682999,72.74182443082933,51.98361474783032,54.17265358088107,0.4257423458175915,llama3,nancy,zero-shot,0.3984609825423328,0.2145186287890746,0.3456077749944685,R0,37.73538315491032,0.85
0.5207189508633516,0.770437291264534,9.690272760501454,1.5248645366686564,mistral_cfg_1,few-shot | nancy | mistral | mistral_cfg_1 | R3 | temp=0.7 | top_p=0.9 | rep=1.1 | max_new=512.0 | do_sample=NA | ngram=NA,0.3633979459706012,0.0,-8.084127884858953,80.23021424530756,88.31434213016652,NA,512.0,NA,1.1,0.7,0.9,7.960815310259164,59.944430058089495,51.98361474783032,54.122262694513594,0.3887019361242225,mistral,nancy,few-shot,0.4234724629498842,0.2196253508785999,0.3530268673739594,R3,38.8412850732204,1.4
0.5187332877155788,0.7814261496067048,9.823561656041049,1.571719372228449,mistral_cfg_2,few-shot | nancy | mistral | mistral_cfg_2 | R4 | temp=0.3 | top_p=0.9 | rep=1.15 | max_new=400.0 | do_sample=NA | ngram=NA,0.3773983259949833,0.0,-9.538595168787754,78.77574696137876,88.31434213016652,NA,400.0,NA,1.15,0.3,0.9,-0.819917927249579,51.163696820580746,51.98361474783032,54.030270243839865,0.3712688168901252,mistral,nancy,few-shot,0.4152479535652472,0.2149134568127335,0.3574707758589509,R4,37.95537376595279,0.95
0.4269374233146463,0.7832964569330215,10.142618794041663,1.162732853704528,nancy_mistral_cfg_2,zero-shot | nancy | mistral | nancy_mistral_cfg_2 | R2 | temp=0.3 | top_p=0.9 | rep=1.15 | max_new=400.0 | do_sample=True | ngram=4.0,0.4215071840605624,0.0,-3.281960817696229,85.03238131247028,88.31434213016652,True,400.0,4.0,1.15,0.3,0.9,14.526555315041076,66.51017006287141,51.98361474783032,53.894141959188595,0.4655169815365025,mistral,nancy,zero-shot,0.4266045971691293,0.2209033318909871,0.3484650175837146,R2,37.603806136446224,1.9
0.4623583213128945,0.768627718091011,8.728119195551113,1.1968377859876822,hariel_mistral_cfg_3,zero-shot | hariel | mistral | hariel_mistral_cfg_3 | R3 | temp=0.2 | top_p=0.85 | rep=1.1 | max_new=256.0 | do_sample=NA | ngram=NA,0.4417315136807445,0.0,-3.789881612404125,84.52446051776238,88.31434213016652,NA,256.0,NA,1.1,0.2,0.85,14.082436509803824,66.06605125763414,51.98361474783032,53.83027881193891,0.3911692695744256,mistral,hariel,zero-shot,0.4084547056149644,0.2163357216365862,0.3297268592167864,R3,38.475283480497446,1.2
0.5320706366911906,0.7797708421945572,8.478117625629553,0.7811383524373741,nancy_llama3_cfg_1,zero-shot | nancy | llama3 | nancy_llama3_cfg_1 | R2 | temp=0.3 | top_p=0.9 | rep=1.15 | max_new=256.0 | do_sample=True | ngram=4.0,0.6314842573525677,0.0,-1.701140706192192,86.61320142397432,88.31434213016652,True,256.0,4.0,1.15,0.3,0.9,23.936070890935323,75.91968563876564,51.98361474783032,53.76137249086857,0.3981532995222269,llama3,nancy,zero-shot,0.3918920363762976,0.1851400168566818,0.3324257218672878,R2,37.61756467181047,0.9
0.5286639805926735,0.7814655154943466,8.904834277620068,0.7955821769889538,nancy_llama3_cfg_1,zero-shot | nancy | llama3 | nancy_llama3_cfg_1 | R4 | temp=0.3 | top_p=0.9 | rep=1.15 | max_new=256.0 | do_sample=True | ngram=4.0,0.6332493703006308,0.0,-4.224138950654964,84.09020317951155,88.31434213016652,True,256.0,4.0,1.15,0.3,0.9,21.2831019243925,73.26671667222283,51.98361474783032,53.6021298924436,0.3980295539037712,llama3,nancy,zero-shot,0.3843953775835734,0.1702418417122259,0.329869263828689,R4,37.23918212111623,0.95
0.5456313103959106,0.7790204107761383,7.523103413832369,0.8294047916626688,nancy_llama3_cfg_1,zero-shot | nancy | llama3 | nancy_llama3_cfg_1 | R1 | temp=0.3 | top_p=0.9 | rep=1.15 | max_new=256.0 | do_sample=True | ngram=4.0,0.6242170350205273,0.0,-2.657917634859768,85.65642449530675,88.31434213016652,True,256.0,4.0,1.15,0.3,0.9,19.424887339498213,71.40850208732854,51.98361474783032,52.894356432838755,0.398632624180419,llama3,nancy,zero-shot,0.3585798369205581,0.1597416249211183,0.2987458730803756,R1,36.22256666965537,0.55
